Iteration	Posterior	Likelihood	Prior	rate_log_sd	tree_length
0	131.691	-368.9363	500.6273	1.061688	0.1001849
6	120.8998	-380.8878	501.7876	0.5620798	0.2753635
12	123.9035	-378.2623	502.1658	0.1319172	0.2469621
18	117.9345	-383.7358	501.6704	0.5397081	0.2102242
24	117.1477	-384.8386	501.9863	0.291891	0.2377942
30	120.2456	-381.2537	501.4993	0.5835126	0.1712003
36	123.2885	-378.429	501.7176	0.6528922	0.2887786
42	122.65	-378.6409	501.291	0.6528922	0.1399691
48	124.9244	-376.043	500.9675	0.9763808	0.1399691
54	120.9857	-380.2767	501.2624	0.5513784	0.1175004
60	116.0656	-384.1465	500.2121	1.429965	0.09451022
66	122.5254	-378.7964	501.3218	0.7037668	0.1572098
72	117.3771	-383.1177	500.4947	1.382673	0.1278319
78	129.2033	-370.4591	499.6624	1.382673	0.04734262
84	120.786	-379.1417	499.9277	1.382673	0.06378912
90	118.3028	-382.7733	501.0761	0.7804623	0.124314
96	110.318	-391.7627	502.0807	0.1956732	0.2369628
102	116.5806	-383.3744	499.9551	1.04214	0.04491126
108	127.6965	-373.0661	500.7626	0.9625457	0.1048485
114	123.7046	-377.4071	501.1117	0.5151415	0.09276121
120	125.322	-374.6658	499.9878	1.188867	0.05481531
126	118.7063	-380.4675	499.1738	1.454598	0.03015453
132	109.5084	-392.3338	501.8423	0.4003887	0.2226495
138	119.6584	-382.2037	501.8622	0.3015945	0.194488
144	118.4017	-383.4283	501.83	0.4085683	0.2210156
150	122.095	-379.7045	501.7995	0.3813381	0.2000662
156	116.9436	-384.9267	501.8704	0.3167099	0.2021533
162	120.9119	-381.1042	502.016	0.2346905	0.2259347
168	125.3782	-376.4251	501.8032	0.4474954	0.2259347
174	119.9011	-381.8494	501.7505	0.4858452	0.2201454
180	119.3352	-381.9638	501.2991	0.6609275	0.1431618
186	113.1411	-388.428	501.5692	0.5023316	0.1682933
192	116.7986	-384.9571	501.7557	0.2762395	0.1586954
198	108.6824	-393.6648	502.3472	0.1346431	0.4180607
204	109.8695	-392.2896	502.1591	0.2091622	0.2872527
210	110.0808	-391.4075	501.4882	0.4609539	0.1410092
216	109.719	-391.8199	501.5389	0.4380101	0.1466074
222	110.6917	-390.2766	500.9682	0.8838795	0.1235823
228	121.7839	-380.1326	501.9165	0.2414863	0.1926557
234	112.7864	-389.1544	501.9408	0.4702586	0.3203324
240	121.6052	-380.1334	501.7385	0.5708786	0.2528277
246	127.7117	-373.7817	501.4934	0.4501911	0.1399205
252	123.9108	-377.9458	501.8567	0.2938849	0.1903634
258	123.6593	-378.2504	501.9097	0.22795	0.1864556
264	121.0577	-381.0091	502.0669	0.251322	0.2573991
270	119.1035	-382.9763	502.0798	0.3079449	0.3012105
276	117.5823	-384.6714	502.2537	0.06424653	0.2572474
282	122.588	-379.5121	502.1001	0.1959136	0.2461545
288	124.7076	-377.5972	502.3048	0.04035984	0.2725691
294	120.2353	-381.0851	501.3203	0.5501794	0.1266536
300	118.7089	-383.0113	501.7202	0.5214456	0.2222238
306	118.9224	-383.3018	502.2243	0.1944272	0.3273371
312	113.6628	-388.0534	501.7161	0.5927275	0.2525377
318	117.3134	-384.0936	501.407	0.6894362	0.1748163
324	114.9668	-387.213	502.1798	0.2435643	0.3319022
330	119.2116	-383.0811	502.2926	0.02076697	0.254873
336	119.5106	-382.8643	502.375	0.004684474	0.2952345
342	117.1987	-384.8944	502.0932	0.02202902	0.1799683
348	119.5129	-382.8806	502.3935	0.01854297	0.3212163
354	123.5994	-378.6666	502.2659	0.04372931	0.2529496
360	117.9086	-384.4927	502.4014	0.05535439	0.3712307
366	125.0624	-376.9383	502.0007	0.03296901	0.1590947
372	122.5557	-379.3003	501.8561	0.5384787	0.3064589
378	126.018	-375.2024	501.2205	0.6119394	0.1204014
384	123.0064	-378.3393	501.3457	0.6119394	0.1426828
390	126.8115	-374.4815	501.293	0.6849606	0.1468173
396	128.2174	-374.2065	502.4238	0.05751693	0.4167854
402	128.1784	-373.9107	502.0891	0.08751051	0.198639
408	125.6008	-376.3497	501.9506	0.3626303	0.2547683
414	118.6147	-383.4018	502.0165	0.1331547	0.1900718
420	125.4871	-376.5068	501.9939	0.3295797	0.2602552
426	125.3313	-376.5744	501.9057	0.4423269	0.2743276
432	128.155	-373.4659	501.621	0.5283284	0.1899677
438	126.4369	-374.6832	501.1201	0.7374282	0.1244756
444	116.5421	-385.0298	501.5719	0.6205021	0.2039602
450	112.6981	-388.6707	501.3689	0.7023047	0.168212
456	115.4171	-385.9472	501.3643	0.601122	0.1442546
462	113.4855	-387.6506	501.136	0.8265435	0.1436791
468	109.8595	-392.0938	501.9533	0.321957	0.2364747
474	109.0881	-392.0289	501.117	0.8081324	0.1363969
480	111.6247	-390.7122	502.3368	0.1254762	0.3796418
486	113.3225	-388.7216	502.0441	0.0354446	0.1703513
492	105.5171	-396.4254	501.9425	0.4560477	0.3096752
498	112.9834	-389.2151	502.1984	0.1339404	0.2651547
504	114.8339	-387.6232	502.4571	0.006333538	0.38139
510	120.4915	-381.4561	501.9476	0.3273368	0.2363498
516	108.325	-393.0908	501.4158	0.5180445	0.1380478
522	116.77	-384.174	500.944	0.9016524	0.1225363
528	111.6979	-390.4898	502.1877	0.08585249	0.2356996
534	115.9826	-385.9355	501.9181	0.3242603	0.2225305
540	122.9386	-378.1291	501.0678	1.054508	0.1819735
546	106.7806	-394.2661	501.0467	0.6712371	0.1038938
552	118.6113	-382.6485	501.2598	0.5856012	0.1224872
558	116.6853	-385.1789	501.8642	0.3136269	0.1990532
564	122.6951	-379.3196	502.0147	0.1623904	0.198807
570	118.4989	-383.5411	502.04	0.2984903	0.2686626
576	115.3483	-386.7722	502.1205	0.1159258	0.2201747
582	122.626	-378.9333	501.5593	0.3378124	0.1312684
588	117.6828	-383.6143	501.2971	0.6000051	0.1312684
594	123.0461	-378.3013	501.3474	0.7863373	0.1853025
600	120.6152	-381.1197	501.735	0.5773187	0.2542982
606	119.9997	-381.7798	501.7795	0.5327519	0.2542982
612	120.4788	-381.152	501.6308	0.5968392	0.2167555
618	122.6175	-379.2297	501.8472	0.4540341	0.2487102
624	113.8385	-388.062	501.9005	0.4540341	0.2783339
630	113.4152	-388.686	502.1013	0.2311214	0.2651584
636	126.3473	-375.6008	501.9482	0.384209	0.2651584
642	123.3017	-377.6951	500.9968	1.015798	0.1542929
648	120.9177	-380.4304	501.3481	0.7924497	0.187318
654	128.0327	-374.0934	502.1261	0.1045005	0.2178871
660	122.5128	-378.4646	500.9774	0.8679287	0.122472
666	125.2929	-376.067	501.3599	0.4854474	0.122472
672	103.8537	-397.4872	501.3409	0.8851541	0.2161715
678	102.5231	-398.6417	501.1648	0.5558167	0.1042473
684	117.4484	-384.1341	501.5825	0.5826956	0.1949543
690	119.7399	-382.7146	502.4545	0.04249129	0.5004789
696	124.2166	-377.1667	501.3833	0.5894743	0.1457613
702	120.0043	-381.5855	501.5898	0.5034106	0.1739506
708	106.9404	-395.3653	502.3057	0.04532871	0.2761598
714	112.4821	-389.8684	502.3505	0.04360812	0.306127
720	114.9132	-387.2991	502.2124	0.0295511	0.2223539
726	116.5065	-385.5315	502.038	0.2038846	0.2223539
732	102.5318	-399.1922	501.724	0.5672437	0.243871
738	109.868	-392.3343	502.2023	0.1649406	0.2865753
744	114.7535	-387.2781	502.0316	0.09876253	0.1843204
750	111.509	-390.1884	501.6974	0.4329925	0.1843204
756	106.1306	-395.991	502.1215	0.2005302	0.2594736
762	105.5668	-396.3998	501.9666	0.1822447	0.1898248
768	108.969	-392.7256	501.6946	0.437954	0.1849477
774	108.9346	-392.7865	501.7211	0.4325234	0.191293
780	110.9321	-390.632	501.5642	0.6652285	0.2174318
786	118.5861	-382.7316	501.3176	0.6652285	0.1478517
792	122.5734	-379.0901	501.6635	0.3862259	0.1628972
798	128.8283	-372.0559	500.8842	0.7177739	0.08997706
804	125.262	-376.1631	501.4251	0.6042292	0.1580849
810	123.8469	-377.2549	501.1018	0.9948959	0.1748662
816	123.0708	-377.7329	500.8036	0.9948959	0.1151864
822	121.0871	-379.1413	500.2284	0.9948959	0.05776851
828	110.9764	-391.1894	502.1659	0.326256	0.4523255
834	116.826	-385.2913	502.1174	0.2056132	0.2599649
840	121.7756	-380.4266	502.2023	0.1488156	0.276208
846	118.7685	-383.5822	502.3507	0.006510055	0.2800232
852	123.4419	-379.0199	502.4618	0.0101131	0.396191
858	118.2253	-383.9621	502.1875	0.2390737	0.3350434
864	116.2695	-385.621	501.8905	0.4446712	0.2667508
870	114.7713	-387.3213	502.0926	0.2520531	0.2722694
876	124.1074	-377.7792	501.8866	0.452052	0.2687434
882	127.0762	-374.4181	501.4943	0.6692473	0.1944051
888	123.4249	-377.8336	501.2585	0.7049338	0.1438414
894	118.0367	-383.4228	501.4594	0.5039832	0.1438414
900	112.531	-389.1543	501.6853	0.3760825	0.165762
906	117.533	-384.4158	501.9488	0.2358136	0.2013211
912	124.5713	-377.5902	502.1615	0.07157355	0.2188444
918	121.5506	-380.6411	502.1916	0.1194037	0.253664
924	123.5795	-378.0749	501.6543	0.5029757	0.1924521
930	125.6951	-376.5187	502.2138	0.05626458	0.2341589
936	119.6424	-382.424	502.0664	0.2928783	0.2813301
942	128.0663	-374.2951	502.3614	0.01602297	0.2936417
948	128.4898	-373.9843	502.4741	0.01845099	0.4545737
954	124.5023	-377.4032	501.9055	0.3027649	0.2095642
960	123.5354	-377.2703	500.8057	0.8699564	0.09852414
966	123.5307	-378.1244	501.6551	0.4051059	0.1654732
972	122.2963	-379.705	502.0013	0.4051059	0.316243
978	124.3201	-377.8371	502.1572	0.1465043	0.2499642
984	116.7121	-385.3356	502.0477	0.3073213	0.2786288
990	112.2583	-388.7165	500.9748	0.7290267	0.102065
996	126.0493	-374.4425	500.4918	0.9803839	0.07699752
1002	120.8973	-379.6836	500.5809	0.8912038	0.07699752
1008	117.2383	-384.4558	501.6941	0.6280023	0.2594991
1014	118.8878	-383.0913	501.9791	0.420933	0.3108664
1020	123.0667	-379.0461	502.1128	0.1473664	0.2298948
1026	116.5162	-385.0596	501.5759	0.4753733	0.1632711
1032	113.1623	-387.3142	500.4765	1.114212	0.08875616
1038	112.0249	-389.7551	501.78	0.5069414	0.2418371
1044	117.8332	-383.7244	501.5575	0.5986891	0.1921165
1050	123.7816	-378.5725	502.3541	0.04580311	0.3107947
1056	122.298	-379.8983	502.1964	0.07376324	0.2341971
1062	116.3335	-385.7014	502.0349	0.4272578	0.379461
1068	112.5751	-389.6533	502.2284	0.01153603	0.221553
1074	123.3794	-377.4366	500.8161	0.9974027	0.1174489
1080	115.1994	-386.6611	501.8605	0.3957095	0.228202
1086	106.2287	-395.7142	501.9429	0.4478043	0.3034471
1092	108.8757	-393.0841	501.9598	0.3873076	0.2737819
1098	113.7505	-388.2812	502.0316	0.3333217	0.2850576
1104	122.0941	-379.8665	501.9606	0.3333217	0.2451389
1110	118.0589	-383.7428	501.8017	0.5710407	0.2903541
1116	121.2404	-380.7461	501.9864	0.3303496	0.2566536
1122	115.3431	-386.0019	501.3449	0.9310013	0.2367784
1128	120.3467	-380.9873	501.334	0.6650844	0.1513085
1134	120.9598	-380.0834	501.0432	0.8771908	0.1355102
1140	125.8654	-375.0067	500.8721	1.048296	0.1355102
1146	123.8129	-377.0592	500.8721	1.048296	0.1355102
1152	122.3372	-379.4782	501.8154	0.6103807	0.3342569
1158	119.8919	-381.9037	501.7956	0.1508121	0.1404595
1164	119.9826	-381.5576	501.5401	0.4055678	0.1403306
1170	119.6069	-382.0098	501.6166	0.5563022	0.1974498
1176	116.9799	-384.4616	501.4415	0.7437408	0.2015239
1182	118.0877	-384.1988	502.2864	0.0938096	0.2956419
1188	122.8389	-379.4885	502.3274	0.06225493	0.3026415
1194	113.744	-388.3574	502.1014	0.1523425	0.2271759
1200	117.6387	-383.4208	501.0595	0.8956717	0.1422021
1206	113.6993	-387.393	501.0923	0.7184433	0.1170276
1212	119.7464	-382.36	502.1064	0.2638501	0.2886514
1218	120.0045	-381.4938	501.4983	0.5397219	0.1601064
1224	117.2188	-384.3854	501.6042	0.6104435	0.2118874
1230	127.3478	-374.2802	501.628	0.4610154	0.1728309
1236	125.0001	-377.0684	502.0685	0.4054446	0.4002313
1242	123.1483	-377.9499	501.0983	0.9685944	0.1671317
1248	127.1519	-374.04	501.1919	0.7856899	0.1467456
1254	131.7655	-369.4412	501.2067	0.817247	0.1568437
1260	125.3416	-376.1236	501.4652	0.4804324	0.1403216
1266	126.4846	-375.6383	502.1229	0.2352506	0.2806205
1272	119.3426	-382.5097	501.8523	0.3419446	0.2046208
1278	124.4366	-376.5645	501.0011	0.8472095	0.1229605
1284	116.1825	-384.6525	500.835	1.021883	0.124366
1290	115.0175	-387.0422	502.0597	0.08089115	0.1873435
1296	123.9516	-378.1529	502.1045	0.1078392	0.2110337
1302	111.5734	-390.1171	501.6906	0.4176055	0.1780098
1308	106.212	-394.9817	501.1938	0.9458093	0.1870364
1314	118.3673	-383.8884	502.2556	0.1646521	0.3288805
1320	116.2857	-385.3213	501.6071	0.5310687	0.1866065
1326	110.4119	-390.5502	500.9621	0.8078371	0.1110039
1332	116.1637	-385.5908	501.7545	0.2605288	0.1548334
1338	116.0125	-386.3347	502.3472	0.04615672	0.3055222
1344	112.3502	-389.1432	501.4934	0.5770103	0.1680274
1350	107.2956	-394.6335	501.9292	0.1567527	0.1720125
1356	112.7259	-389.6551	502.3809	0.002735094	0.2981497
1362	109.5109	-392.8698	502.3806	0.003044193	0.2981497
1368	103.9165	-398.2228	502.1392	0.01279091	0.1908141
1374	103.549	-397.995	501.544	0.4442934	0.1489922
1380	107.3797	-394.7274	502.107	0.3441706	0.3635591
1386	109.3926	-392.8232	502.2159	0.1214106	0.2679501
1392	117.876	-384.4591	502.3351	0.02778283	0.2836821
1398	116.7738	-385.4219	502.1957	0.1441073	0.2694186
1404	117.6319	-384.3319	501.9637	0.3760447	0.2694186
1410	123.254	-378.3	501.554	0.5010613	0.1642014
1416	122.8938	-379.1203	502.0141	0.3976736	0.3209457
1422	130.1258	-371.242	501.3678	0.7368296	0.1770446
1428	119.1402	-381.51	500.6502	0.6781448	0.06511748
1434	119.3559	-381.3848	500.7407	0.5875868	0.06511748
1440	130.9968	-370.1767	501.1735	0.6920064	0.1258147
1446	129.7215	-372.1444	501.8659	0.3485677	0.211824
1452	127.4879	-373.6354	501.1232	0.7736229	0.1312319
1458	123.7418	-377.5966	501.3384	0.7205934	0.1651808
1464	118.4158	-383.4542	501.87	0.1889965	0.1651808
1470	115.4798	-385.8744	501.3542	0.7143125	0.1675384
1476	111.1264	-390.7553	501.8817	0.4438237	0.261347
1482	111.4014	-389.7729	501.1744	0.8492622	0.1567727
1488	104.0201	-397.5113	501.5314	0.7580715	0.2430192
1494	122.6821	-378.9736	501.6557	0.6185971	0.2360559
1500	114.1682	-387.4621	501.6303	0.4001938	0.1583569
1506	114.7245	-385.311	500.0355	1.120227	0.05354145
1512	118.2647	-381.8259	500.0906	1.065123	0.05354145
1518	123.0232	-377.7379	500.7611	1.065123	0.1194263
1524	123.5164	-377.1079	500.6243	1.02591	0.09546866
1530	122.8149	-377.701	500.516	1.114208	0.09313803
1536	120.5195	-380.9318	501.4513	0.4899559	0.139474
1542	117.9605	-384.2454	502.2059	0.2501201	0.370215
1548	115.7727	-386.0408	501.8135	0.3650105	0.1992822
1554	104.2386	-397.8987	502.1373	0.2233423	0.2822715
1560	115.2659	-386.071	501.3369	0.7783791	0.1799848
1566	118.811	-381.2704	500.0814	1.339361	0.07248414
1572	103.7677	-396.0418	499.8094	1.339361	0.05312693
1578	107.0875	-393.8329	500.9204	0.825754	0.1076763
1584	109.8003	-391.6445	501.4448	0.4473178	0.1303885
1590	115.6379	-384.9328	500.5706	1.134143	0.1021829
1596	107.4506	-394.5926	502.0432	0.3523854	0.3073245
1602	104.0679	-397.5891	501.657	0.5580601	0.2120301
1608	100.0404	-401.6344	501.6748	0.65324	0.2627414
1614	108.5678	-393.6353	502.2031	0.1249499	0.2627414
1620	107.3849	-393.7864	501.1712	0.8848496	0.1644473
1626	105.4513	-395.5768	501.0281	0.8848496	0.1341366
1632	110.9229	-391.0617	501.9845	0.3992846	0.2982679
1638	108.4024	-393.5746	501.977	0.3992846	0.2928402
1644	113.5004	-388.2513	501.7518	0.5808512	0.2653056
1650	124.8664	-377.3658	502.2321	0.01980032	0.2264302
1656	118.1796	-384.1569	502.3365	0.04660839	0.2977243
1662	121.5813	-380.6366	502.2178	0.1536693	0.2894911
1668	115.1383	-387.1259	502.2643	0.1072448	0.2894911
1674	116.0065	-385.7079	501.7145	0.5949873	0.2528476
1680	105.3084	-396.7419	502.0504	0.2714472	0.2593342
1686	108.7959	-392.7366	501.5325	0.4153515	0.1407529
1692	113.6163	-388.4207	502.037	0.2608095	0.2470359
1698	105.4169	-395.9827	501.3996	0.4148438	0.1175948
1704	109.8316	-392.2482	502.0798	0.2761436	0.2792564
1710	114.8715	-387.4394	502.3109	0.0450335	0.2792564
1716	101.6894	-400.6113	502.3006	0.129546	0.3388231
1722	106.1948	-395.8276	502.0224	0.4473531	0.3921622
1728	118.3	-382.8396	501.1396	0.8521017	0.1497255
1734	127.0789	-374.0607	501.1396	0.8521017	0.1497255
1740	129.4154	-371.678	501.0934	0.8521017	0.1402866
1746	122.9152	-377.7716	500.6868	0.8174898	0.07998929
1752	116.2074	-384.7435	500.9508	0.8131371	0.1101598
1758	117.9998	-383.6974	501.6972	0.4581173	0.1918213
1764	92.89093	-408.7736	501.6645	0.5698587	0.2193661
1770	118.0675	-384.2617	502.3291	0.05851426	0.3011224
1776	118.2692	-383.6999	501.9692	0.4491918	0.3270262
1782	115.2335	-386.6321	501.8656	0.4472865	0.2546047
1788	107.6863	-394.5141	502.2003	0.1358414	0.2673201
1794	116.8885	-385.3923	502.2808	0.07898821	0.2816578
1800	112.0406	-390.421	502.4617	0.03184401	0.4595499
1806	110.9593	-391.2733	502.2326	0.2608995	0.4595499
1812	114.7594	-387.1309	501.8903	0.1260173	0.1551191
1818	111.9568	-390.3873	502.3441	0.09806606	0.3521865
1824	117.126	-385.2116	502.3376	0.008689594	0.2732566
1830	109.8084	-392.244	502.0525	0.009924687	0.1660081
1836	104.4065	-398.0232	502.4298	0.01168913	0.3513744
1842	118.4934	-383.1366	501.6301	0.4393386	0.1677663
1848	124.7716	-376.0067	500.7783	1.011727	0.1139177
1854	123.2852	-378.3384	501.6235	0.6285669	0.2264948
1860	127.0645	-374.8166	501.8811	0.2554827	0.1861425
1866	130.3958	-371.6562	502.052	0.2127187	0.2318531
1872	115.457	-386.7069	502.1639	0.1875884	0.2764407
1878	119.2123	-382.9352	502.1475	0.2179362	0.285378
1884	124.6656	-377.4129	502.0785	0.3961548	0.401624
1890	123.6332	-378.4019	502.0352	0.05284837	0.172569
1896	116.6991	-384.9816	501.6807	0.429959	0.1787079
1902	113.957	-387.6029	501.5599	0.7137753	0.2357787
1908	122.5236	-379.0486	501.5722	0.5763862	0.1897517
1914	118.1856	-383.9931	502.1787	0.1645129	0.2714494
1920	119.6657	-382.2706	501.9363	0.2296138	0.1951681
1926	107.4893	-393.7105	501.1998	0.8940361	0.174098
1932	112.7636	-387.9721	500.7357	0.9151635	0.09554219
1938	114.9155	-387.0682	501.9837	0.3751085	0.2810505
1944	114.5035	-387.1598	501.6634	0.4901672	0.1912779
1950	113.7008	-386.6721	500.3729	1.120801	0.07899014
1956	114.2357	-386.1341	500.3697	0.972951	0.06620218
1962	119.3325	-382.6579	501.9904	0.3377076	0.2627958
1968	119.295	-382.9937	502.2886	0.1643905	0.3660367
1974	118.1891	-383.6847	501.8737	0.2424636	0.1802411
1980	122.0498	-378.8022	500.8519	0.6295684	0.07785432
1986	126.5751	-374.4749	501.05	0.8093479	0.1247754
1992	124.3452	-376.8108	501.156	0.7549739	0.133778
1998	119.2662	-381.5015	500.7677	1.062978	0.1201312
2004	114.6319	-386.7538	501.3857	0.5935774	0.1470994
2010	118.9143	-383.1666	502.0809	0.1165565	0.205723
2016	115.2639	-386.6308	501.8947	0.222413	0.1805121
2022	106.792	-394.9029	501.6949	0.5924946	0.2420232
2028	116.7468	-385.4406	502.1874	0.01418608	0.20718
2034	118.4871	-383.3752	501.8624	0.4543501	0.2566276
2040	110.2893	-391.9427	502.232	0.05250101	0.2407011
2046	106.6505	-394.477	501.1276	0.8859753	0.1544951
2052	100.0684	-401.9861	502.0545	0.3498476	0.3144705
2058	105.2818	-396.8739	502.1557	0.2786777	0.3433309
2064	106.2953	-395.7803	502.0756	0.4174423	0.4568763
2070	108.9954	-392.9577	501.9532	0.4174423	0.2888805
2076	96.80113	-405.3337	502.1348	0.2330942	0.2870533
2082	109.4409	-392.0303	501.4712	0.698646	0.1964458
2088	103.039	-399.0622	502.1013	0.2613729	0.2835566
2094	104.712	-397.3035	502.0155	0.3578227	0.2907778
2100	118.8535	-382.6409	501.4945	0.7110702	0.2085819
2106	125.1691	-376.994	502.1631	0.2377918	0.3116412
2112	126.4647	-375.3985	501.8633	0.4077247	0.2345728
2118	125.5074	-376.6782	502.1856	0.09057748	0.2368944
2124	115.4658	-386.3192	501.785	0.510924	0.2461336
2130	125.5494	-376.7148	502.2642	0.03176614	0.2461336
2136	129.8542	-372.0167	501.8709	0.2689564	0.1871142
2142	129.671	-371.9	501.571	0.5332182	0.1769135
2148	120.6148	-380.4871	501.1019	0.9057585	0.153184
2154	130.5868	-370.179	500.7658	1.076509	0.1219911
2160	125.7981	-374.3018	500.0999	1.248463	0.06663924
2166	122.8669	-378.6697	501.5365	0.5816152	0.1808013
2172	118.0754	-383.9671	502.0426	0.163052	0.2086117
2178	108.0611	-394.3461	502.4071	0.03174278	0.3483535
2184	119.442	-382.7297	502.1717	0.2112016	0.2975699
2190	121.2568	-380.8718	502.1286	0.1754394	0.2500927
2196	113.5711	-388.3834	501.9545	0.3917112	0.2732127
2202	112.5854	-389.3547	501.9401	0.3297225	0.2340428
2208	116.3166	-385.8974	502.214	0.129986	0.2718814
2214	119.6242	-382.1134	501.7376	0.4874904	0.2157945
2220	122.0063	-379.7282	501.7345	0.5854971	0.2583534
2226	128.2437	-373.5723	501.816	0.4493146	0.2320726
2232	128.7186	-372.7858	501.5044	0.4962577	0.1516635
2238	116.3856	-385.4139	501.7995	0.2571667	0.1645937
2244	112.4328	-388.548	500.9807	0.7769216	0.1092731
2250	116.8646	-385.0059	501.8704	0.537826	0.3178498
2256	123.8547	-377.9804	501.8351	0.5731439	0.3178498
2262	131.0913	-370.9253	502.0166	0.3879155	0.3146694
2268	134.316	-367.3279	501.6439	0.4113382	0.1642564
2274	126.3435	-374.959	501.3026	0.5698199	0.1269704
2280	123.9003	-377.7327	501.633	0.6872435	0.2584954
2286	124.9106	-375.636	500.5466	1.114908	0.09681482
2292	130.1323	-370.7895	500.9218	0.7385168	0.0966727
2298	127.8056	-372.4964	500.3019	1.203336	0.08008426
2304	126.0266	-375.3537	501.3803	0.5315405	0.1339278
2310	122.5953	-379.4807	502.076	0.3355253	0.3207286
2316	124.5346	-377.3903	501.925	0.2308626	0.1919952
2322	106.8171	-393.2467	500.0637	1.155885	0.05753066
2328	118.1526	-382.4309	500.5835	1.155885	0.1067532
2334	128.2725	-372.1192	500.3917	1.155885	0.0842445
2340	119.5572	-381.226	500.7831	0.968911	0.1084896
2346	114.8104	-387.2	502.0104	0.312194	0.2597442
2352	118.6647	-382.9359	501.6006	0.5865779	0.2021713
2358	118.3808	-383.7665	502.1473	0.03987765	0.2021713
2364	125.7828	-376.241	502.0238	0.06232315	0.1720782
2370	118.3398	-383.581	501.9209	0.03205151	0.141753
2376	120.0308	-381.9523	501.9831	0.3704027	0.2777016
2382	118.6665	-382.3823	501.0488	0.8384763	0.1295379
2388	124.7044	-376.9301	501.6345	0.6795579	0.2552212
2394	116.4628	-385.4581	501.9209	0.4838599	0.3148527
2400	116.5013	-383.5705	500.0718	1.34592	0.0722274
2406	113.6414	-387.5713	501.2127	0.675972	0.1297871
2412	113.2748	-388.675	501.9498	0.4700504	0.3284306
2418	102.6441	-399.6224	502.2665	0.1591038	0.3341271
2424	117.8346	-383.3038	501.1384	0.9352503	0.1688483
2430	118.4061	-383.5712	501.9773	0.3300148	0.2517587
2436	122.3317	-379.4663	501.798	0.2892099	0.1723507
2442	116.9354	-385.0469	501.9823	0.1453255	0.1835255
2448	124.3849	-377.3088	501.6938	0.4254143	0.1810862
2454	115.4355	-386.3775	501.813	0.2929274	0.1773834
2460	107.2546	-395.0934	502.3481	0.1421015	0.4438578
2466	116.7965	-384.0724	500.8689	0.9620212	0.1201665
2472	99.81611	-402.0379	501.854	0.005395388	0.1247898
2478	105.7901	-396.1608	501.9508	0.03216543	0.147877
2484	101.0944	-400.452	501.5464	0.602606	0.1898817
2490	111.2007	-390.4202	501.621	0.4269887	0.1624762
2496	116.4067	-384.9306	501.3373	0.5732761	0.1337024
2502	119.6799	-381.8812	501.5611	0.5698927	0.1844882
2508	119.6021	-381.5716	501.1737	0.6412198	0.1176703
2514	110.858	-390.554	501.412	0.6978031	0.1784556
2520	115.858	-385.2908	501.1488	0.654877	0.115961
2526	117.9098	-384.4735	502.3833	0.02625191	0.3189749
2532	114.742	-387.3197	502.0617	0.1363891	0.2059387
2538	111.1546	-390.3245	501.4791	0.8720747	0.2762629
2544	109.8245	-391.7882	501.6127	0.6294393	0.2224591
2550	120.2853	-381.9205	502.2057	0.1408981	0.2734835
2556	126.2097	-375.3207	501.5304	0.483822	0.1546526
2562	124.9297	-375.413	500.3427	1.169679	0.08076778
2568	122.8137	-377.2407	500.0545	1.146613	0.05633911
2574	118.3562	-382.9408	501.297	0.1318272	0.07317415
2580	115.0012	-386.6364	501.6377	0.5623887	0.2066436
2586	111.1093	-390.802	501.9114	0.2240542	0.1857929
2592	105.9458	-396.096	502.0417	0.09395605	0.1858721
2598	115.9622	-385.4039	501.3661	0.6171679	0.1479417
2604	108.0567	-393.1567	501.2133	0.744007	0.1426227
2610	122.1921	-379.0729	501.265	0.6923703	0.1426227
2616	114.5036	-387.0868	501.5904	0.5367836	0.1833739
2622	124.9787	-375.1773	500.1559	1.234893	0.06999471
2628	120.0076	-379.7845	499.7921	1.478835	0.0609798
2634	123.0094	-376.8046	499.8141	1.531331	0.06641004
2640	120.0939	-380.8838	500.9777	0.7616795	0.1067586
2646	119.5082	-382.3046	501.8128	0.2202788	0.1589585
2652	120.5816	-381.3295	501.9112	0.3128125	0.2153661
2658	121.5831	-380.2864	501.8695	0.5203574	0.3028045
2664	126.651	-374.169	500.82	0.8963282	0.1036867
2670	117.6551	-383.047	500.7021	1.147769	0.1232218
2676	115.0854	-386.8444	501.9298	0.4727588	0.3130321
2682	105.7475	-396.4084	502.1559	0.2292092	0.2992335
2688	105.368	-396.175	501.543	0.6229569	0.1951876
2694	120.6731	-381.0045	501.6776	0.459761	0.1863686
2700	117.9642	-384.083	502.0472	0.2220352	0.2338112
2706	108.8962	-392.9401	501.8363	0.2904113	0.1832428
2712	110.3028	-391.7981	502.101	0.1926175	0.2449797
2718	106.6654	-395.0698	501.7352	0.3563138	0.1734937
2724	121.7914	-377.8653	499.6566	1.398296	0.04786094
2730	118.1912	-381.6033	499.7945	1.081482	0.03934157
2736	120.353	-379.8931	500.2461	1.128183	0.0686648
2742	106.236	-395.7874	502.0235	0.4046761	0.3366719
2748	106.4939	-395.5982	502.0921	0.2623526	0.2783003
2754	115.5913	-386.5876	502.1789	0.1412167	0.2584159
2760	117.0164	-385.3585	502.3749	0.07059558	0.3562337
2766	115.1943	-385.2335	500.4278	1.321921	0.1081636
2772	126.7209	-373.1429	499.8638	1.321921	0.05537258
2778	118.3453	-381.9064	500.2517	1.321921	0.0869332
2784	126.1672	-375.1815	501.3487	0.7869202	0.1858668
2790	124.4337	-377.3558	501.7896	0.3348611	0.1825904
2796	125.47	-376.7147	502.1847	0.2237324	0.3180394
2802	126.5592	-374.7659	501.3251	0.7071041	0.1587595
2808	123.3847	-378.7332	502.118	0.1575866	0.2366087
2814	104.999	-396.9999	501.9989	0.4374499	0.3455062
2820	110.0509	-391.0347	501.0856	0.724352	0.1169064
2826	104.0883	-397.7919	501.8802	0.2844968	0.1947845
2832	110.4045	-391.3151	501.7196	0.5137456	0.2189537
2838	116.3249	-385.3272	501.652	0.4572847	0.1783256
2844	106.6305	-395.5303	502.1607	0.167675	0.2629262
2850	110.9918	-391.1102	502.102	0.2263841	0.2629262
2856	110.5551	-391.1476	501.7027	0.4263021	0.1839216
2862	109.9115	-390.7543	500.6658	1.228416	0.130763
2868	102.0573	-399.8131	501.8704	0.1479067	0.1555771
2874	106.0254	-395.2333	501.2587	0.863625	0.1820011
2880	100.89	-400.6263	501.5163	0.7153586	0.2183246
2886	108.1439	-394.0615	502.2054	0.1925069	0.3091248
2892	110.5339	-389.9068	500.4407	1.194218	0.09368344
2898	115.4693	-385.0122	500.4814	1.194218	0.09852827
2904	106.289	-394.1294	500.4184	1.031573	0.07500946
2910	113.136	-387.2824	500.4184	1.031573	0.07500946
2916	103.5758	-396.9907	500.5665	0.9525963	0.08141732
2922	112.498	-388.1292	500.6272	1.036575	0.09707987
2928	116.7034	-385.2036	501.9069	0.198472	0.1772431
2934	121.2968	-379.925	501.2218	0.8473955	0.1677106
2940	121.9967	-379.7337	501.7304	0.4740815	0.2082124
2946	120.9022	-380.8626	501.7648	0.4306087	0.2050157
2952	119.6468	-381.4855	501.1323	0.5944895	0.1050655
2958	119.5302	-382.1724	501.7026	0.2936411	0.1507035
2964	124.9415	-377.0278	501.9693	0.2732027	0.2225726
2970	122.5538	-379.7433	502.2971	0.03216951	0.2634131
2976	122.7579	-379.0172	501.7751	0.5165387	0.2440604
2982	125.1618	-376.7157	501.8775	0.4141661	0.2440604
2988	126.4318	-375.4269	501.8587	0.4723374	0.2643947
2994	120.2747	-382.0076	502.2823	0.04873464	0.2643947
3000	127.6401	-374.6833	502.3234	0.01061156	0.2660731
3006	120.0035	-381.9991	502.0027	0.1246219	0.1834156
3012	119.3247	-382.8918	502.2165	0.1190483	0.2669514
3018	118.4825	-383.2799	501.7625	0.404482	0.1955113
3024	119.1306	-382.2123	501.343	0.4961812	0.1214773
3030	126.2656	-375.1354	501.4009	0.3877643	0.113726
3036	120.9218	-380.62	501.5418	0.5169198	0.1651084
3042	120.2107	-381.301	501.5116	0.5470995	0.1651084
3048	118.1236	-382.7563	500.8799	0.8665625	0.107724
3054	119.6948	-381.3656	501.0605	0.7412245	0.1156604
3060	127.5512	-374.086	501.6371	0.619602	0.2284358
3066	122.1016	-379.3963	501.4979	0.4208348	0.1352049
3072	113.9605	-387.9883	501.9487	0.4492182	0.3091982
3078	123.777	-378.3428	502.1199	0.03428186	0.1914668
3084	110.9834	-390.0552	501.0387	0.8311421	0.1265346
3090	118.9577	-383.5083	502.466	0.01052526	0.4055295
3096	119.3332	-382.8901	502.2233	0.008865891	0.2184999
3102	116.3633	-385.5084	501.8718	0.3094487	0.2001757
3108	112.5777	-389.3779	501.9556	0.4741955	0.3384446
3114	109.5179	-392.5089	502.0268	0.3258018	0.2771419
3120	118.8947	-383.3105	502.2052	0.2246817	0.338515
3126	116.8682	-385.0286	501.8968	0.3272217	0.2153897
3132	116.9655	-385.208	502.1735	0.2049555	0.2943762
3138	113.5924	-387.8293	501.4216	0.7396553	0.1937066
3144	106.2597	-395.4078	501.6675	0.3550544	0.1565227
3150	110.8984	-391.4293	502.3277	0.06352149	0.3038845
3156	121.176	-381.0495	502.2255	0.2220836	0.3588195
3162	118.8878	-383.1071	501.9948	0.350081	0.2724555
3168	111.5138	-388.4332	499.947	1.191219	0.05250345
3174	117.9322	-382.9001	500.8323	0.8677171	0.1015701
3180	118.9682	-382.8824	501.8507	0.2954966	0.1890224
3186	113.6066	-388.4401	502.0467	0.389107	0.3448975
3192	110.5051	-391.6669	502.172	0.1023445	0.2360567
3198	114.1883	-387.6541	501.8423	0.5127703	0.2787044
3204	99.33496	-402.4105	501.7455	0.4467942	0.2039326
3210	108.5804	-393.476	502.0564	0.2949025	0.2763493
3216	106.302	-395.4966	501.7986	0.3830093	0.200321
3222	103.4936	-397.9411	501.4347	0.5594376	0.1502499
3228	119.6505	-382.597	502.2475	0.04680362	0.2453297
3234	114.1779	-387.4437	501.6216	0.7081175	0.263675
3240	116.5196	-385.5123	502.0319	0.4430564	0.4022338
3246	110.4551	-391.7867	502.2417	0.08003403	0.2593134
3252	108.052	-394.2476	502.2996	0.0315532	0.2644745
3258	115.6425	-386.141	501.7835	0.2162717	0.1514641
3264	98.66927	-402.9012	501.5705	0.3326042	0.1323424
3270	121.6904	-380.5301	502.2205	0.03658325	0.2285818
3276	119.9642	-382.3635	502.3277	0.03936347	0.2864664
3282	126.5002	-375.8059	502.3061	0.0346148	0.2699621
3288	120.5132	-381.6436	502.1567	0.1644362	0.2589932
3294	120.2735	-382.0772	502.3507	0.001914333	0.2771572
3300	119.6039	-382.4027	502.0066	0.3460353	0.2771572
3306	123.264	-378.0452	501.3092	0.8761261	0.2015546
3312	118.6149	-383.64	502.2549	0.1028382	0.2803795
3318	114.1277	-387.8959	502.0235	0.3458306	0.2880178
3324	112.3667	-389.6937	502.0604	0.3630475	0.3319322
3330	115.1115	-387.0652	502.1768	0.107224	0.2404505
3336	120.3217	-380.9096	501.2313	0.6877016	0.1352505
3342	113.8737	-387.6534	501.5271	0.4550245	0.1476911
3348	113.1437	-388.9828	502.1265	0.04643082	0.1974308
3354	109.1701	-392.7425	501.9126	0.4050239	0.2571208
3360	108.0712	-393.6865	501.7577	0.5164864	0.2359746
3366	115.825	-385.1906	501.0156	0.9466788	0.14362
3372	108.756	-392.6539	501.4099	0.5524416	0.14362
3378	116.1662	-385.039	501.2052	0.7570992	0.14362
3384	107.4914	-393.9958	501.4872	0.6122959	0.1756205
3390	125.194	-376.7056	501.8997	0.2729258	0.197333
3396	126.5737	-375.4904	502.064	0.219817	0.2403928
3402	127.5603	-374.8194	502.3797	0.02024993	0.3108251
3408	132.5223	-369.6801	502.2024	0.03215209	0.2194432
3414	128.8006	-373.5636	502.3642	0.08077939	0.3556072
3420	124.5478	-377.921	502.4688	0.01085018	0.4125625
3426	125.7463	-376.0831	501.8294	0.06936944	0.1315678
3432	129.5737	-371.8936	501.4673	0.431437	0.1315678
3438	126.1099	-375.3523	501.4622	0.5711596	0.1590145
3444	126.5759	-375.3076	501.8834	0.4819567	0.2853632
3450	115.5384	-385.0489	500.5873	1.184454	0.1112625
3456	116.1809	-385.4244	501.6053	0.4041798	0.1535944
3462	116.3017	-384.6836	500.9853	1.024183	0.1535944
3468	120.1683	-381.3465	501.5147	0.5197147	0.1592763
3474	117.432	-384.1492	501.5812	0.5028408	0.1715218
3480	125.7773	-375.8554	501.6327	0.5028408	0.185821
3486	120.5908	-381.4497	502.0406	0.3079647	0.2746244
3492	124.0822	-377.8382	501.9204	0.2174156	0.186502
3498	133.6726	-368.2816	501.9542	0.2477765	0.2073235
3504	131.9226	-369.9151	501.8376	0.3639023	0.2071636
3510	132.3163	-369.1905	501.5068	0.6947147	0.2071636
3516	131.4656	-370.4706	501.9362	0.3325638	0.233605
3522	122.9647	-379.1075	502.0722	0.2681577	0.2697344
3528	126.1377	-376.0931	502.2307	0.08557562	0.2564
3534	131.8835	-370.1418	502.0253	0.2887577	0.2552484
3540	129.71	-372.3788	502.0888	0.2898352	0.2945178
3546	127.4268	-374.2119	501.6388	0.4509566	0.1730183
3552	117.8721	-384.1582	502.0303	0.4413259	0.3956571
3558	116.3643	-385.6322	501.9966	0.2633192	0.2297567
3564	120.0816	-381.2488	501.3304	0.8660747	0.2053702
3570	122.5142	-378.8861	501.4003	0.6354039	0.1595795
3576	118.9767	-382.1343	501.1111	0.9246937	0.1595795
3582	124.0197	-377.1412	501.1609	0.8432514	0.152422
3588	116.2857	-385.576	501.8616	0.423267	0.240876
3594	119.4784	-382.4697	501.9481	0.3368236	0.240876
3600	115.1156	-387.2872	502.4027	0.04484594	0.3588561
3606	116.1148	-386.2065	502.3213	0.1262811	0.3588561
3612	121.4396	-379.9043	501.3438	0.6657853	0.1536249
3618	118.4016	-383.9464	502.348	0.05018287	0.3093905
3624	123.7006	-378.1349	501.8355	0.5193236	0.2785452
3630	120.6659	-380.7152	501.3811	0.801186	0.2005215
3636	120.8377	-380.8244	501.6621	0.5628248	0.2157122
3642	115.2503	-386.2126	501.4629	0.4886227	0.1414661
3648	116.9565	-384.983	501.9395	0.2139388	0.1912589
3654	119.4518	-382.7215	502.1734	0.08401667	0.2287011
3660	116.2873	-385.5868	501.874	0.03821439	0.1340077
3666	123.5936	-378.4897	502.0833	0.1397236	0.2149982
3672	121.4527	-380.2132	501.6659	0.5570779	0.2149982
3678	115.934	-386.1429	502.0769	0.1405769	0.2129317
3684	130.0803	-371.7735	501.8538	0.4254685	0.238291
3690	106.8891	-394.8628	501.752	0.5845311	0.2675166
3696	115.3861	-385.3679	500.754	0.8366694	0.08874968
3702	122.3752	-379.2303	501.6054	0.5484398	0.1913849
3708	120.3397	-381.4956	501.8353	0.5294233	0.2849236
3714	120.7533	-381.3748	502.1281	0.3363798	0.3831663
3720	124.5133	-377.2047	501.718	0.3172474	0.1594676
3726	123.9585	-377.7605	501.719	0.4739212	0.204158
3732	121.5167	-380.2108	501.7275	0.4940859	0.2144648
3738	110.1399	-391.44	501.58	0.4782292	0.1649695
3744	124.1592	-377.0691	501.2282	0.7658057	0.1502263
3750	127.6902	-374.4042	502.0944	0.3107862	0.3151856
3756	125.183	-376.8753	502.0582	0.3174483	0.2923987
3762	123.1002	-379.0173	502.1176	0.2581305	0.2923987
3768	131.3019	-370.2511	501.553	0.5444778	0.1750992
3774	119.421	-381.9026	501.3235	0.8555464	0.1994718
3780	122.9316	-379.2756	502.2072	0.1799982	0.3008042
3786	121.6888	-379.4579	501.1467	0.8284432	0.1462518
3792	118.1498	-383.7573	501.907	0.3120285	0.2135126
3798	119.209	-382.1656	501.3746	0.8112773	0.2017562
3804	116.9923	-384.5792	501.5715	0.3453743	0.13486
3810	114.0402	-387.1045	501.1447	0.572436	0.1037817
3816	113.7097	-387.0974	500.8071	1.001239	0.1166692
3822	112.3782	-388.5177	500.8958	1.02474	0.1355454
3828	107.9916	-393.0129	501.0046	0.8576388	0.125257
3834	110.1471	-391.0087	501.1559	0.6207355	0.1119622
3840	110.066	-391.5054	501.5714	0.6891678	0.2300602
3846	106.9212	-394.5062	501.4274	0.8468926	0.236052
3852	119.2016	-381.2255	500.4271	1.25514	0.09934112
3858	122.0955	-378.2276	500.3231	1.252913	0.0871788
3864	106.6755	-393.6475	500.3231	1.252913	0.0871788
3870	112.7763	-388.3242	501.1004	0.922952	0.1567232
3876	110.135	-390.5863	500.7214	0.8798323	0.08989214
3882	115.7224	-385.6137	501.3361	0.5251979	0.1251014
3888	123.4419	-377.8665	501.3084	0.7725963	0.1707367
3894	113.628	-388.6225	502.2505	0.07170726	0.2595639
3900	115.4093	-386.6759	502.0852	0.3498238	0.3440421
3906	116.0636	-384.6983	500.7619	0.8753258	0.0939503
3912	115.8413	-384.7969	500.6382	1.142132	0.1124964
3918	113.667	-387.183	500.8499	1.126408	0.1464908
3924	121.0113	-379.818	500.8293	0.9236165	0.1086075
3930	118.8861	-381.129	500.0151	1.484775	0.07957092
3936	128.1062	-373.5773	501.6835	0.6129187	0.246356
3942	125.492	-375.9688	501.4608	0.8019538	0.2309909
3948	130.1065	-372.0166	502.1231	0.2128936	0.2672192
3954	129.7599	-372.2942	502.0541	0.2937723	0.2742263
3960	126.489	-375.4396	501.9286	0.1401091	0.1675894
3966	123.1891	-378.318	501.5071	0.5294075	0.1597674
3972	126.9514	-375.0603	502.0117	0.2478996	0.229638
3978	122.6139	-379.3621	501.9761	0.4666586	0.3528649
3984	121.5602	-379.93	501.4902	0.6907739	0.2000952
3990	117.8996	-383.4599	501.3594	0.8215188	0.2000952
3996	112.0059	-389.8109	501.8168	0.4319025	0.2251082
4002	119.5534	-382.5618	502.1153	0.1149521	0.2177486
4008	118.7194	-382.972	501.6913	0.5388785	0.2177486
4014	117.8252	-383.0098	500.8349	0.8063301	0.09441908
4020	122.1334	-378.8776	501.011	0.8547911	0.1258513
4026	126.481	-374.3713	500.8522	1.013528	0.1258513
4032	125.9623	-374.4146	500.3769	1.157731	0.08293804
4038	120.9202	-379.3546	500.2748	1.157731	0.0734903
4044	114.4769	-386.6846	501.1614	0.8900552	0.1633349
4050	113.1562	-389.2147	502.3708	0.002597886	0.2908271
4056	118.428	-383.7684	502.1965	0.001061694	0.2057558
4062	120.4939	-381.924	502.418	0.03403713	0.3646539
4068	118.5396	-383.9346	502.4742	0.0132162	0.4338836
4074	113.5619	-388.7865	502.3485	0.03795059	0.3001914
4080	116.0502	-386.3472	502.3974	0.05730172	0.3684092
4086	119.4678	-382.0916	501.5594	0.6464525	0.2086902
4092	119.3273	-382.655	501.9823	0.2016419	0.2010971
4098	119.9374	-382.1632	502.1006	0.02062232	0.1816849
4104	127.0084	-374.3051	501.3136	0.7471562	0.1655939
4110	127.4659	-374.4402	501.9062	0.3616075	0.2331596
4116	116.0961	-384.8262	500.9222	0.7520791	0.09836212
4122	109.7761	-392.1783	501.9543	0.4064392	0.2823343
4128	110.5926	-391.4431	502.0358	0.334315	0.2885147
4134	122.1697	-379.0818	501.2514	0.7523667	0.1523432
4140	116.8261	-384.646	501.4721	0.6637396	0.1859139
4146	116.2401	-386.0229	502.263	0.0511827	0.2552894
4152	123.827	-377.4393	501.2663	0.8096249	0.1694264
4158	125.8044	-375.6468	501.4512	0.5139777	0.1441936
4164	118.1199	-383.2752	501.3952	0.6292492	0.1569588
4170	116.396	-385.1229	501.5189	0.5124003	0.1585536
4176	128.3297	-372.9081	501.2378	0.6927418	0.1374211
4182	115.9244	-385.0719	500.9963	0.9457113	0.1396117
4188	116.3065	-384.9564	501.2629	0.7767303	0.160492
4194	114.0011	-386.8629	500.864	0.8999555	0.1101545
4200	111.6677	-390.1281	501.7958	0.332735	0.1837763
4206	110.7694	-391.6556	502.425	0.07126209	0.4817441
4212	115.8751	-386.3751	502.2502	0.2297373	0.4132585
4218	101.6697	-400.5872	502.2569	0.2291404	0.4296479
4224	109.6145	-391.3815	500.9961	0.8676893	0.1255148
4230	104.0404	-398.237	502.2774	0.08286081	0.2819803
4236	115.1249	-386.4244	501.5493	0.6247207	0.1977942
4242	111.3041	-389.8567	501.1608	0.9931551	0.1914072
4248	109.9129	-390.6423	500.5552	1.000396	0.08506455
4254	113.0264	-389.1209	502.1473	0.17859	0.2615394
4260	114.1884	-387.5306	501.719	0.4983163	0.2128759
4266	114.7676	-386.8388	501.6064	0.5038712	0.1786011
4272	125.9155	-376.2048	502.1203	0.3504622	0.3940774
4278	118.1542	-384.0811	502.2352	0.07749554	0.2545407
4284	120.8039	-381.4087	502.2126	0.06616693	0.2380803
4290	120.0686	-381.6806	501.7491	0.5801082	0.2634026
4296	123.794	-377.9788	501.7728	0.3596505	0.1849333
4302	111.7641	-390.0441	501.8082	0.3965969	0.2083126
4308	115.947	-386.2565	502.2035	0.1457806	0.2750792
4314	117.7693	-384.0129	501.7823	0.4516061	0.2191688
4320	121.6207	-379.6243	501.245	0.7931394	0.1601463
4326	123.7786	-375.6553	499.4339	1.480889	0.04103941
4332	123.5783	-376.2008	499.7791	1.480889	0.06022491
4338	121.6804	-379.0153	500.6958	1.133516	0.1199103
4344	122.5536	-378.0257	500.5794	1.010084	0.08861709
4350	114.3042	-387.6716	501.9757	0.3455649	0.2590579
4356	118.0808	-383.587	501.6678	0.4671531	0.1856487
4362	115.8074	-385.7183	501.5256	0.6360508	0.1938267
4368	118.0483	-383.6721	501.7203	0.6360508	0.2795051
4374	116.8098	-384.9211	501.7308	0.2948643	0.1572458
4380	109.9884	-391.6904	501.6788	0.56249	0.222118
4386	109.2406	-391.5149	500.7556	0.8332987	0.08855427
4392	121.8058	-379.7829	501.5887	0.4972059	0.1720064
4398	122.8884	-378.2739	501.1624	0.5522027	0.1034523
4404	127.9498	-373.4337	501.3835	0.5498895	0.1379593
4410	126.5673	-375.7281	502.2954	0.1222714	0.3264223
4416	129.8201	-372.3263	502.1465	0.0856252	0.2184781
4422	125.1503	-377.1131	502.2634	0.03876167	0.2491935
4428	123.0938	-379.0408	502.1347	0.01739656	0.1908236
4434	118.9103	-383.2589	502.1692	0.1239675	0.2447699
4440	115.7249	-385.9745	501.6994	0.6027283	0.249155
4446	121.855	-380.183	502.038	0.1064042	0.1884687
4452	116.8859	-384.0877	500.9737	0.6800183	0.09588154
4458	125.9103	-376.0633	501.9736	0.1132745	0.1722582
4464	120.985	-380.7279	501.7129	0.3331685	0.1620265
4470	114.9965	-387.1976	502.1941	0.2554089	0.3613085
4476	122.1202	-379.7604	501.8806	0.3261313	0.2090279
4482	129.3098	-372.7141	502.0239	0.1829204	0.2090279
4488	117.4842	-384.282	501.7663	0.4770241	0.2228954
4494	116.2495	-385.0756	501.3251	0.7404823	0.1667954
4500	112.632	-387.5827	500.2148	1.10143	0.0642178
4506	109.7319	-390.654	500.3859	1.194948	0.08769527
4512	105.1758	-396.4804	501.6562	0.4873117	0.1882038
4518	110.5712	-391.6191	502.1904	0.07739301	0.2331638
4524	107.8094	-394.5016	502.311	0.118549	0.3381653
4530	114.8117	-387.0317	501.8434	0.1310288	0.1460994
4536	118.7208	-382.5026	501.2233	0.6992071	0.1359119
4542	113.9695	-388.0167	501.9863	0.206909	0.2042354
4548	113.4364	-388.3581	501.7945	0.5137414	0.2522142
4554	107.5274	-394.0528	501.5802	0.7485705	0.2631493
4560	114.7759	-387.1724	501.9483	0.3804445	0.2631493
4566	114.2487	-387.963	502.2118	0.105594	0.2569593
4572	111.7762	-390.003	501.7792	0.5376472	0.2566984
4578	111.6966	-390.4685	502.1651	0.2470569	0.3212835
4584	111.9816	-389.6002	501.5817	0.6874573	0.2337892
4590	109.9532	-391.8714	501.8246	0.2224817	0.1622577
4596	112.6569	-389.3098	501.9667	0.4073987	0.2913196
4602	116.693	-384.6499	501.3428	0.8832336	0.2161619
4608	125.4075	-376.4993	501.9069	0.2786536	0.2016224
4614	117.4507	-384.594	502.0447	0.2033135	0.224833
4620	115.906	-386.0128	501.9188	0.4794494	0.3094754
4626	122.7474	-379.3673	502.1147	0.332256	0.3580911
4632	120.3581	-381.6676	502.0257	0.3952729	0.3294923
4638	118.0258	-383.0171	501.0429	0.8053589	0.1229464
4644	118.943	-382.2196	501.1626	0.7760567	0.1389614
4650	114.6362	-386.795	501.4311	0.5618242	0.1499931
4656	125.6242	-375.2454	500.8696	1.020718	0.1300689
4662	130.7392	-370.4441	501.1832	0.785154	0.144857
4668	126.2579	-375.282	501.5399	0.5949907	0.1856245
4674	123.7055	-378.513	502.2185	0.1260691	0.2722555
4680	126.0952	-376.0929	502.1882	0.2139411	0.3126125
4686	122.0686	-380.035	502.1036	0.134031	0.2206633
4692	122.9464	-379.0281	501.9746	0.2408109	0.2121518
4698	115.2039	-386.044	501.2479	0.8853731	0.185171
4704	116.9226	-385.5448	502.4675	0.0008781701	0.3896779
4710	122.7375	-379.5046	502.2421	0.008981119	0.2260699
4716	117.0317	-385.2585	502.2903	0.172664	0.380633
4722	123.9485	-377.9266	501.8751	0.1229964	0.1510938
4728	118.8601	-382.8986	501.7586	0.603245	0.2830403
4734	121.4086	-380.6474	502.056	0.3058906	0.2830403
4740	117.1701	-383.7879	500.958	0.8581597	0.1178695
4746	112.5366	-388.3846	500.9211	0.8727251	0.1144878
4752	114.7167	-385.9571	500.6738	0.8727251	0.08413606
4758	116.3378	-385.1531	501.4909	0.5973149	0.1726119
4764	120.6719	-381.1306	501.8025	0.4614285	0.2315055
4770	116.6224	-385.2953	501.9177	0.4323518	0.275533
4776	119.1993	-383.1675	502.3669	0.08747454	0.3678402
4782	107.1172	-395.0198	502.137	0.1403561	0.2374112
4788	110.8538	-391.1802	502.034	0.2315571	0.2321992
4794	111.6504	-390.639	502.2894	0.0269423	0.2564031
4800	123.7246	-378.5383	502.2629	0.1090941	0.2898565
4806	123.1178	-378.1454	501.2631	0.6923322	0.1422554
4812	123.2617	-378.0997	501.3614	0.5940827	0.1422554
4818	125.5442	-376.1647	501.7089	0.4897467	0.206136
4824	125.9127	-376.2882	502.2009	0.03705561	0.2207655
4830	117.6663	-383.8323	501.4986	0.7350307	0.2190721
4836	119.5976	-381.2113	500.8089	0.9392936	0.1079542
4842	106.2449	-395.3386	501.5836	0.7539114	0.2680646
4848	101.1328	-400.9828	502.1155	0.08428612	0.2065603
4854	107.8227	-393.8054	501.6282	0.583303	0.2107276
4860	100.2809	-401.7729	502.0538	0.2345202	0.2424578
4866	104.0094	-398.0344	502.0438	0.2696717	0.2549131
4872	104.9574	-397.0534	502.0108	0.431642	0.3525897
4878	106.9596	-395.2307	502.1903	0.2850429	0.4030928
4884	108.4497	-393.6442	502.0939	0.3136578	0.3172495
4890	120.9942	-380.5028	501.4969	0.7290183	0.2161187
4896	128.8748	-372.3048	501.1796	0.8623927	0.1610474
4902	132.4321	-369.4919	501.9239	0.4692381	0.3053727
4908	134.1469	-367.4721	501.619	0.6062344	0.2158371
4914	127.9415	-373.3972	501.3387	0.8865209	0.2158371
4920	121.0836	-380.3004	501.3839	0.7544191	0.1866676
4926	111.4899	-390.376	501.8659	0.2867857	0.1910169
4932	109.6076	-391.8757	501.4833	0.4052685	0.1297671
4938	108.9266	-393.3024	502.2291	0.1591374	0.3015597
4944	112.085	-389.6934	501.7784	0.3139449	0.1737075
4950	118.7428	-383.4179	502.1607	0.2663087	0.3354729
4956	118.2139	-384.0841	502.2981	0.05442894	0.2770651
4962	119.2834	-382.7929	502.0764	0.06779367	0.1884057
4968	120.8769	-381.2298	502.1066	0.3108911	0.3262613
4974	115.2711	-386.3513	501.6224	0.5388809	0.1937009
4980	110.3193	-391.4147	501.734	0.427275	0.1937009
4986	109.933	-392.3931	502.3262	0.00267137	0.2631757
4992	111.5277	-390.794	502.3217	0.007105421	0.2631757
4998	111.3908	-390.7496	502.1404	0.06847915	0.2097943
5004	122.666	-378.7502	501.4161	0.5887677	0.1525853
5010	109.9393	-391.5906	501.5299	0.6257911	0.1919394
5016	119.6392	-382.4557	502.0948	0.3125096	0.3170466
5022	116.2853	-385.9032	502.1885	0.1617198	0.2756759
5028	120.4628	-381.8089	502.2717	0.1641164	0.3449121
5034	118.953	-383.2112	502.1642	0.06616305	0.2178032
5040	114.3141	-386.8926	501.2068	0.8841145	0.1733234
5046	112.1827	-388.8898	501.0725	0.9898537	0.1659908
5052	108.396	-392.9863	501.3824	0.8414945	0.2153246
5058	118.2784	-383.5272	501.8056	0.5897942	0.3071384
5064	116.7528	-385.1981	501.9509	0.341325	0.2443333
5070	122.3478	-379.7184	502.0662	0.2287804	0.2456578
5076	119.8654	-382.3724	502.2378	0.07219936	0.2531192
5082	117.2749	-384.8277	502.1026	0.1426662	0.2236906
5088	112.5698	-389.04	501.6098	0.5860649	0.2051639
5094	119.4024	-381.5435	500.9459	1.05825	0.1524237
5100	114.9981	-387.173	502.1711	0.1284474	0.2478828
5106	110.5017	-391.7077	502.2094	0.04218647	0.2262806
5112	110.5348	-391.7077	502.2425	0.1679335	0.3197746
5118	114.2	-387.8123	502.0123	0.1845375	0.2054961
5124	110.7517	-391.4494	502.2011	0.2286776	0.3383958
5130	127.1974	-374.1334	501.3308	0.7150725	0.1619885
5136	118.5129	-382.9793	501.4922	0.6750011	0.1955888
5142	124.0789	-377.0533	501.1322	0.8582367	0.1494517
5148	125.5691	-376.8881	502.4571	0.01793809	0.4025569
5154	120.4442	-380.8714	501.3156	0.8264629	0.1877703
5160	125.2435	-376.8014	502.0449	0.1078469	0.1910393
5166	114.7525	-387.4905	502.243	0.01723344	0.2299245
5172	117.0112	-384.9288	501.94	0.427779	0.2869564
5178	113.5781	-387.5072	501.0853	0.7202933	0.1162479
5184	126.1777	-375.1946	501.3723	0.7202933	0.1737924
5190	124.5415	-376.5093	501.0508	0.7943257	0.1224392
5196	103.6349	-398.138	501.7729	0.2706126	0.1614236
5202	110.016	-391.4692	501.4851	0.5970218	0.1710344
5208	105.1732	-395.8695	501.0427	0.8537381	0.1311598
5214	108.322	-393.984	502.306	0.1909898	0.4983033
5220	120.3889	-381.6384	502.0274	0.3061625	0.2658074
5226	116.2555	-385.8274	502.0829	0.2688127	0.2766031
5232	112.0549	-390.2561	502.311	0.04072321	0.2766031
5238	108.1363	-393.9429	502.0792	0.06758661	0.1892204
5244	119.938	-381.8794	501.8174	0.251721	0.167692
5250	117.2587	-384.5434	501.8021	0.2259581	0.1577982
5256	104.9319	-397.2407	502.1725	0.1985178	0.2891874
5262	114.9432	-387.4145	502.3578	0.02580189	0.2980736
5268	126.3703	-375.731	502.1013	0.04823531	0.1900555
5274	133.1102	-369.2462	502.3564	0.01416462	0.2888412
5280	131.9723	-370.3453	502.3175	0.1794233	0.5018727
5286	128.9467	-373.1082	502.0549	0.1307081	0.2016655
5292	127.2252	-374.7991	502.0244	0.161287	0.2016655
5298	116.35	-385.6764	502.0264	0.1642644	0.2033871
5304	116.1182	-385.4765	501.5946	0.6944756	0.2428515
5310	115.4253	-384.3547	499.7801	1.232122	0.04565622
5316	114.226	-386.3302	500.5562	0.7579033	0.06406576
5322	125.0639	-375.6812	500.7451	1.059444	0.1160944
5328	122.6506	-379.3412	501.9918	0.2784715	0.2342518
5334	120.5846	-381.5627	502.1473	0.04359755	0.203442
5340	120.6381	-380.3464	500.9845	0.7981388	0.1128405
5346	118.2284	-383.4657	501.6941	0.6114497	0.2508414
5352	121.6983	-380.0693	501.7676	0.3438364	0.1789097
5358	122.7067	-378.8141	501.5208	0.2906446	0.1171435
5364	118.4537	-383.6958	502.1495	0.08944167	0.2211539
5370	119.4991	-382.4759	501.975	0.1304439	0.1772547
5376	110.8701	-390.9928	501.8629	0.2064592	0.1677437
5382	116.6762	-385.4245	502.1007	0.257676	0.2807751
5388	117.7434	-384.095	501.8383	0.4625872	0.2485437
5394	124.0355	-377.8839	501.9195	0.3814137	0.2485437
5400	127.5467	-374.3306	501.8774	0.4624767	0.2694446
5406	120.6415	-381.1918	501.8333	0.2670877	0.1758735
5412	121.949	-378.6399	500.5888	0.8667899	0.07551094
5418	119.2483	-380.2574	499.5057	1.391031	0.04023915
5424	111.5999	-387.9222	499.5221	1.613328	0.05234
5430	118.4946	-381.8992	500.3938	1.287407	0.09921015
5436	115.4041	-385.2405	500.6446	1.036559	0.09921015
5442	120.5164	-381.1111	501.6275	0.3026873	0.1373505
5448	115.3686	-386.2011	501.5697	0.4056047	0.1462838
5454	115.3832	-385.9482	501.3315	0.64388	0.1462838
5460	110.4762	-391.0885	501.5648	0.485705	0.1630893
5466	125.604	-376.3189	501.9229	0.2850422	0.2094438
5472	131.9162	-369.8898	501.806	0.3096549	0.1801039
5478	126.3762	-375.3557	501.732	0.3852461	0.1805307
5484	122.4541	-379.0971	501.5512	0.581381	0.1849488
5490	121.368	-379.54	500.908	1.073481	0.1475636
5496	121.0442	-378.9022	499.9464	1.31294	0.06018061
5502	119.8565	-380.1478	500.0042	1.31294	0.0642876
5508	126.1368	-375.063	501.1997	0.8498902	0.162881
5514	118.3311	-382.6292	500.9603	1.01064	0.1453696
5520	128.3508	-372.9788	501.3297	0.6412471	0.1453696
5526	131.8182	-369.8295	501.6476	0.3820244	0.1581572
5532	129.7331	-372.1992	501.9324	0.3467507	0.2382168
5538	125.4197	-376.5057	501.9254	0.3120722	0.2205911
5544	123.3868	-378.0466	501.4333	0.5151143	0.140865
5550	125.6669	-375.8954	501.5623	0.6068669	0.1962214
5556	127.0088	-374.4297	501.4385	0.7241215	0.194119
5562	125.151	-376.7166	501.8676	0.3240876	0.2037286
5568	127.2611	-374.1646	501.4256	0.7660455	0.2037286
5574	131.1732	-370.5739	501.7471	0.5109905	0.22901
5580	123.4121	-378.4554	501.8674	0.4130358	0.2388261
5586	112.3804	-388.8304	501.2108	0.5816137	0.1142746
5592	119.4183	-381.3587	500.777	1.016692	0.1144596
5598	123.5568	-378.4519	502.0087	0.2307998	0.2213828
5604	121.2534	-380.5104	501.7638	0.3743401	0.1865944
5610	124.2464	-377.1359	501.3823	0.7523166	0.1855482
5616	120.1762	-381.5388	501.715	0.4846975	0.2065114
5622	117.1954	-384.8065	502.0019	0.1950968	0.2055787
5628	117.7772	-384.4067	502.1839	0.2263968	0.3196488
5634	113.5868	-388.7556	502.3424	0.1419263	0.4246768
5640	120.0842	-382.1077	502.1919	0.2168714	0.3183285
5646	121.6782	-380.4467	502.1249	0.2838451	0.3183285
5652	122.6039	-379.4202	502.0241	0.219308	0.2229602
5658	107.3139	-394.901	502.2149	0.02707239	0.222379
5664	107.4951	-394.6586	502.1537	0.02255808	0.198535
5670	114.6486	-387.6009	502.2495	0.005210343	0.2275887
5676	116.4068	-385.8844	502.2911	0.01042843	0.2488775
5682	118.0605	-384.3149	502.3755	0.02494656	0.3111975
5688	119.6223	-382.6712	502.2935	0.1055623	0.3100857
5694	114.2568	-387.7024	501.9592	0.3744355	0.2658522
5700	115.235	-386.0251	501.2601	0.7587512	0.1556967
5706	118.9371	-382.917	501.8541	0.37676	0.2180146
5712	121.832	-379.8728	501.7048	0.3713682	0.1694759
5718	127.982	-373.5396	501.5216	0.5163222	0.1600996
5724	126.942	-374.9852	501.9272	0.4094194	0.2675687
5730	119.3443	-382.6004	501.9447	0.4664187	0.3204138
5736	114.5552	-386.2155	500.7706	0.9494035	0.1041706
5742	115.6384	-383.9641	499.6025	1.288065	0.03997128
5748	120.4784	-380.7489	501.2273	0.7108365	0.1388627
5754	119.1735	-382.022	501.1955	0.7108365	0.1329333
5760	119.8087	-381.7964	501.6051	0.5927531	0.2058715
5766	115.1268	-385.9239	501.0507	0.9490946	0.1514679
5772	119.0881	-383.2255	502.3136	0.05766786	0.2893203
5778	109.4702	-392.5349	502.005	0.36623	0.2893203
5784	109.5663	-392.7401	502.3064	0.02112658	0.262442
5790	116.8675	-385.3855	502.253	0.07454424	0.262442
5796	117.7381	-383.6805	501.4186	0.7972677	0.2123504
5802	112.0571	-389.3656	501.4227	0.6154315	0.1601368
5808	121.1369	-379.9937	501.1307	0.6154315	0.1076704
5814	118.9772	-382.1284	501.1055	0.6874489	0.1143593
5820	120.1597	-380.7713	500.931	1.173096	0.1768951
5826	111.2343	-390.1117	501.346	0.7491434	0.1744576
5832	116.6915	-385.2868	501.9784	0.2587632	0.220442
5838	112.1292	-390.0284	502.1576	0.1629381	0.2586632
5844	122.8118	-379.256	502.0678	0.3407872	0.3181219
5850	123.9756	-378.2922	502.2678	0.1387593	0.3164079
5856	120.3943	-381.8887	502.283	0.1472796	0.3389141
5862	125.1254	-376.5403	501.6658	0.5563518	0.2146639
5868	123.8119	-377.7067	501.5186	0.5076581	0.1573681
5874	117.9261	-383.1101	501.0363	0.9899541	0.1573681
5880	113.8431	-387.0495	500.8926	0.8768148	0.1109331
5886	106.6097	-394.8226	501.4322	0.4942031	0.1366393
5892	110.9409	-390.7647	501.7056	0.2656111	0.1454319
5898	113.4742	-387.5342	501.0084	0.7252348	0.105971
5904	112.3529	-388.7399	501.0927	0.6765941	0.110918
5910	103.4311	-397.8212	501.2523	0.8475234	0.1757214
5916	105.0873	-396.3316	501.4189	0.6808892	0.1757214
5922	128.6831	-372.1301	500.8132	1.067	0.1283081
5928	128.7262	-372.1719	500.8981	0.9509787	0.1230919
5934	129.5165	-371.817	501.3335	0.6436162	0.1466557
5940	118.5577	-383.4572	502.0148	0.1135036	0.1837209
5946	116.0515	-385.6512	501.7027	0.240399	0.1398332
5952	122.2833	-379.8437	502.1271	0.02240262	0.1900239
5958	118.8612	-383.5051	502.3662	0.03495608	0.3118571
5964	119.4191	-382.7003	502.1194	0.255557	0.2918776
5970	112.9235	-389.4742	502.3977	0.06142891	0.3748011
5976	115.6302	-386.3056	501.9359	0.134447	0.1679962
5982	125.1702	-377.094	502.2642	0.124984	0.3023197
5988	127.3121	-374.6127	501.9248	0.265109	0.2031206
5994	124.4279	-377.266	501.6939	0.3088591	0.1521197
6000	121.2138	-380.3318	501.5455	0.45727	0.1521197
6006	119.9531	-381.3914	501.3444	0.7350218	0.1703363
6012	126.2622	-374.0024	500.2646	1.102227	0.06807747
6018	117.4425	-382.2311	499.6737	1.353946	0.04643768
6024	117.9006	-382.6463	500.547	0.9814957	0.08233263
6030	118.8497	-381.9728	500.8225	1.14113	0.1438994
6036	116.6178	-384.711	501.3288	0.5757554	0.1326107
6042	116.5702	-383.7639	500.3341	1.159164	0.07894454
6048	111.037	-389.117	500.1539	1.159164	0.06398772
6054	104.7827	-394.887	499.6697	1.190511	0.03867541
6060	113.1557	-385.9285	499.0842	1.746297	0.03744976
6066	115.4861	-383.476	498.9621	1.863157	0.03723934
6072	113.3216	-385.5736	498.8952	1.863157	0.03464932
6078	110.4205	-388.251	498.6715	1.851115	0.02695563
6084	114.869	-383.8675	498.7365	1.851115	0.02887454
6090	115.9177	-382.818	498.7357	1.77547	0.02663085
6096	121.64	-378.9893	500.6293	1.166211	0.1147385
6102	123.9637	-376.8317	500.7954	0.8773258	0.09816883
6108	123.9248	-377.5617	501.4865	0.4986444	0.1483358
6114	124.9391	-376.3962	501.3353	0.7388319	0.1689708
6120	116.5352	-385.2333	501.7684	0.3939262	0.1940365
6126	116.7594	-384.0166	500.776	1.042817	0.1182675
6132	121.2015	-380.6538	501.8553	0.4394123	0.2455438
6138	111.8998	-390.3436	502.2434	0.182016	0.3339124
6144	100.0669	-402.1822	502.2491	0.2478632	0.5011928
6150	106.112	-396.1303	502.2423	0.04287794	0.2409942
6156	111.3018	-390.7949	502.0967	0.2093311	0.2510934
6162	123.9659	-376.7818	500.7477	1.004099	0.1084501
6168	127.7489	-374.4325	502.1815	0.1590663	0.2698442
6174	124.6199	-377.5609	502.1808	0.08992228	0.234448
6180	124.6537	-377.0561	501.7098	0.4996097	0.209986
6186	127.0527	-375.1151	502.1679	0.1617178	0.2635959
6192	128.7503	-373.1506	501.9009	0.4287055	0.2635959
6198	132.9756	-367.916	500.8916	0.8038433	0.100994
6204	133.0485	-368.6651	501.7137	0.3606462	0.1690183
6210	124.0765	-377.2574	501.334	0.7992169	0.1851361
6216	121.0361	-380.816	501.8521	0.2923898	0.1885016
6222	115.2483	-385.9977	501.246	0.7931259	0.1603688
6228	119.6652	-382.6126	502.2778	0.1038218	0.2966749
6234	115.2075	-387.2026	502.4101	0.05018372	0.3764457
6240	106.6263	-395.6905	502.3168	0.03131185	0.2743628
6246	104.7186	-397.1275	501.8461	0.5085065	0.278375
6252	105.145	-397.0417	502.1868	0.284827	0.3956898
6258	106.2365	-395.8894	502.126	0.3220583	0.3594252
6264	106.4078	-394.4656	500.8735	0.8761385	0.1081508
6270	110.5742	-390.8048	501.379	0.9239882	0.2495843
6276	112.4859	-388.1724	500.6582	0.9239882	0.0878396
6282	118.3906	-382.7536	501.1442	0.7810577	0.1364105
6288	119.8291	-381.0928	500.922	0.962604	0.1290663
6294	124.3228	-377.8121	502.1349	0.07097868	0.2087063
6300	121.2682	-380.7903	502.0585	0.3019076	0.2820784
6306	120.825	-380.9739	501.7988	0.1246493	0.1360872
6312	121.3032	-379.4368	500.74	1.061815	0.1156751
6318	118.7644	-381.5371	500.3015	1.061815	0.06779539
6324	108.6265	-393.6646	502.291	0.007785606	0.2475231
6330	110.5648	-391.6213	502.1862	0.01366277	0.2065649
6336	123.636	-378.203	501.839	0.03808569	0.127767
6342	116.427	-385.4375	501.8646	0.09926023	0.1439298
6348	112.0061	-389.643	501.649	0.1897641	0.1214243
6354	107.8448	-393.0634	500.9083	0.7673764	0.09852869
6360	112.631	-389.2351	501.8661	0.1063032	0.1456825
6366	114.0468	-387.9718	502.0186	0.06665772	0.1718449
6372	120.5634	-381.5519	502.1152	0.2429338	0.2806519
6378	123.7898	-378.0985	501.8883	0.4291037	0.2569687
6384	119.9886	-382.0601	502.0487	0.2898981	0.2687152
6390	108.2418	-392.3931	500.6349	1.039162	0.09833284
6396	105.1287	-395.2299	500.3587	1.296652	0.09607356
6402	108.6735	-392.3722	501.0457	0.9015807	0.1406397
6408	118.1715	-382.7196	500.8912	0.9015807	0.1143252
6414	115.1959	-386.2212	501.4171	0.6470771	0.1664643
6420	111.3287	-390.8709	502.1996	0.2669554	0.3866433
6426	116.3342	-385.7161	502.0503	0.2669554	0.2569133
6432	114.9767	-386.532	501.5087	0.6807219	0.2029395
6438	113.5197	-387.8394	501.3591	0.6807219	0.1605479
6444	121.5362	-380.4311	501.9674	0.1439683	0.1788801
6450	111.2378	-390.1569	501.3947	0.8542549	0.2252167
6456	107.6712	-394.374	502.0452	0.2037713	0.2252167
6462	103.2103	-397.7744	500.9848	0.7468007	0.105701
6468	106.8915	-394.6321	501.5236	0.2173231	0.1069686
6474	112.45	-389.3854	501.8354	0.3075582	0.1880398
6480	110.4573	-391.4469	501.9042	0.4864782	0.3034731
6486	121.0903	-380.9795	502.0698	0.2953198	0.2851953
6492	121.5167	-380.2931	501.8099	0.4374083	0.2245168
6498	120.6261	-381.0904	501.7165	0.2535271	0.1451811
6504	125.5554	-376.3062	501.8616	0.1595139	0.1561946
6510	120.5567	-380.5245	501.0812	0.9625673	0.1614858
6516	116.8157	-384.3138	501.1296	0.8698317	0.1513812
6522	124.9949	-377.3268	502.3217	0.1296932	0.3638422
6528	124.4229	-378.0427	502.4655	0.02951111	0.4695593
6534	123.8934	-377.902	501.7954	0.3746367	0.1965158
6540	122.6515	-379.5543	502.2059	0.1818563	0.30118
6546	117.3741	-384.5315	501.9056	0.2810255	0.2019917
6552	118.9935	-382.5457	501.5391	0.6404722	0.1996426
6558	121.5452	-380.3096	501.8547	0.3795654	0.2193396
6564	121.4463	-380.6866	502.1329	0.1555215	0.2425264
6570	117.6454	-384.6909	502.3363	0.06451566	0.31156
6576	121.5049	-379.2277	500.7326	1.066583	0.1152816
6582	119.1562	-382.3837	501.5399	0.8358991	0.2924683
6588	112.8579	-388.1422	501.0001	0.7618898	0.1098752
6594	110.9564	-390.2124	501.1688	0.8524526	0.1562314
6600	118.8922	-382.6683	501.5605	0.666836	0.2166463
6606	118.4852	-383.2403	501.7254	0.4885816	0.2116606
6612	113.5055	-387.9794	501.4849	0.4670095	0.141546
6618	113.6058	-387.2429	500.8487	0.9554173	0.116025
6624	128.9125	-373.0594	501.972	0.1783969	0.190296
6630	122.593	-379.4918	502.0848	0.3275451	0.3215006
6636	122.3314	-379.3936	501.725	0.4653672	0.2032667
6642	121.4078	-379.8357	501.2435	0.5059967	0.1081395
6648	125.4477	-376.2762	501.7239	0.4606235	0.2012967
6654	121.3076	-379.9612	501.2689	0.672159	0.1394232
6660	112.9709	-388.1143	501.0852	0.8320049	0.134912
6666	112.3112	-389.6943	502.0056	0.182209	0.2023842
6672	115.2103	-387.0341	502.2444	0.04319547	0.2421514
6678	115.0618	-385.9118	500.9736	0.9108752	0.1290524
6684	125.6585	-375.4547	501.1132	0.7845793	0.1313943
6690	129.7906	-371.5518	501.3424	0.6686869	0.153955
6696	123.2925	-378.4165	501.709	0.3020674	0.153955
6702	117.4003	-384.427	501.8273	0.2056741	0.1589337
6708	118.6478	-383.2771	501.9249	0.3750481	0.2480674
6714	113.9508	-388.0633	502.0142	0.03532931	0.1628485
6720	119.2511	-382.8142	502.0653	0.2550211	0.2585372
6726	123.2496	-378.8166	502.0662	0.1924618	0.2292566
6732	126.6467	-374.4543	501.101	0.7650152	0.1258944
6738	131.2561	-370.1461	501.4022	0.722618	0.1827036
6744	127.2726	-374.4204	501.693	0.4318155	0.1827036
6750	127.302	-374.6389	501.9409	0.4318155	0.290337
6756	117.389	-384.3069	501.6959	0.146682	0.122028
6762	127.0494	-374.6393	501.6887	0.5140144	0.2075768
6768	122.706	-379.5812	502.2873	0.02644741	0.2550607
6774	126.0582	-376.063	502.1212	0.006913216	0.1836541
6780	124.2203	-378.0319	502.2522	0.02458941	0.2371573
6786	123.4751	-378.8172	502.2923	0.1981125	0.4448888
6792	127.4956	-374.8194	502.315	0.1026316	0.326361
6798	125.061	-376.8903	501.9513	0.3580419	0.2528115
6804	115.1084	-387.1794	502.2878	0.02159867	0.2528115
6810	117.7225	-384.21	501.9325	0.3354106	0.233229
6816	115.9869	-385.9332	501.92	0.3331931	0.2269584
6822	113.9918	-387.6896	501.6814	0.4331454	0.1797955
6828	128.778	-372.9532	501.7312	0.4331454	0.1946784
6834	118.243	-383.597	501.84	0.4238329	0.2314483
6840	113.6233	-387.2083	500.8315	0.8678085	0.1014867
6846	108.5979	-392.2336	500.8315	0.8678085	0.1014867
6852	115.501	-384.6239	500.1249	1.450794	0.08714876
6858	115.8121	-384.7162	500.5283	1.137627	0.09734127
6864	113.495	-388.0556	501.5506	0.6032906	0.1913838
6870	113.8249	-388.2845	502.1094	0.1155211	0.2157318
6876	104.6635	-397.0789	501.7424	0.6962421	0.3481373
6882	108.4042	-393.4001	501.8044	0.5474459	0.276641
6888	110.2125	-390.7139	500.9264	0.9370841	0.1254733
6894	118.3684	-382.1608	500.5292	0.819302	0.06664846
6900	120.6489	-381.4798	502.1287	0.2490482	0.2938645
6906	112.4815	-389.2333	501.7148	0.4672564	0.2004655
6912	111.497	-390.3565	501.8535	0.3286248	0.2004655
6918	110.3666	-391.9974	502.364	0.05735385	0.3299031
6924	114.8177	-386.2983	501.116	0.6552729	0.1112038
6930	116.3807	-384.9581	501.3388	0.6552729	0.1502324
6936	117.6669	-383.7161	501.383	0.6552729	0.1601652
6942	125.3902	-375.8566	501.2469	0.6567286	0.1324385
6948	125.3624	-375.6544	501.0168	0.8538691	0.1266795
6954	120.8334	-380.4821	501.3154	0.4278632	0.1072846
6960	125.6429	-376.1484	501.7913	0.4278632	0.21357
6966	116.9439	-385.0743	502.0182	0.2053932	0.2152145
6972	111.5194	-390.3998	501.9192	0.286675	0.2087116
6978	113.068	-389.3679	502.4359	0.03496908	0.3942252
6984	114.2379	-387.9178	502.1557	0.2078331	0.2841506
6990	118.1885	-382.8108	500.9993	0.7986551	0.1151002
6996	107.1916	-393.9557	501.1473	0.7986551	0.1403886
7002	116.8017	-384.2782	501.0799	0.7139158	0.1144799
7008	115.1422	-385.3894	500.5316	0.7139158	0.05924407
7014	109.2509	-392.8306	502.0815	0.2185841	0.2481274
7020	115.3953	-386.8534	502.2487	0.05137859	0.2481274
7026	108.1563	-394.1405	502.2968	0.1341126	0.3395931
7032	100.2945	-401.5903	501.8848	0.5362905	0.3296496
7038	93.12279	-409.1602	502.283	0.1380582	0.3296496
7044	113.2172	-387.6373	500.8545	0.7581031	0.09115287
7050	100.5818	-401.1806	501.7624	0.5383399	0.2484615
7056	111.9371	-390.4322	502.3693	0.05722982	0.3350594
7062	114.7643	-386.7328	501.4971	0.6931442	0.2032309
7068	107.4933	-393.8602	501.3534	0.6931442	0.162146
7074	110.9504	-390.164	501.1144	0.8367396	0.1413928
7080	108.3979	-392.7922	501.1901	0.8044026	0.1503202
7086	114.3378	-386.5003	500.8381	0.8044026	0.0945622
7092	107.9576	-393.6791	501.6367	0.6007644	0.22058
7098	111.0844	-390.537	501.6213	0.6161363	0.22058
7104	112.4027	-389.1949	501.5976	0.6161363	0.2115606
7110	119.8644	-381.5101	501.3745	0.6902591	0.166595
7116	122.1217	-379.4428	501.5644	0.6958507	0.229938
7122	117.4827	-384.0719	501.5546	0.491619	0.1620585
7128	115.5313	-385.8896	501.4208	0.6796068	0.1758851
7134	125.1211	-376.8028	501.9239	0.4905879	0.3234035
7140	121.4502	-380.3002	501.7504	0.3475458	0.175226
7146	115.9233	-385.894	501.8172	0.384804	0.2073332
7152	120.6824	-381.4355	502.118	0.3013601	0.3279503
7158	108.1991	-393.9801	502.1792	0.3177387	0.5057151
7164	113.6775	-388.0122	501.6897	0.5812714	0.2345802
7170	117.4637	-384.902	502.3657	0.0282742	0.3060455
7176	121.2937	-380.3653	501.659	0.5430882	0.2073711
7182	123.5725	-378.7558	502.3283	0.07076199	0.3101417
7188	125.0871	-376.6696	501.7567	0.4438493	0.2068017
7194	119.4967	-382.6925	502.1892	0.09910674	0.2424595
7200	111.8983	-389.3669	501.2652	0.7463478	0.1540586
7206	115.6185	-385.9724	501.5909	0.5116439	0.1764502
7212	118.0761	-383.6436	501.7197	0.4639685	0.2010157
7218	118.2808	-383.7182	501.9989	0.3397991	0.2687892
7224	121.1635	-381.0184	502.182	0.2345077	0.3252903
7230	120.8558	-379.9617	500.8175	1.123857	0.1394818
7236	113.2976	-387.9048	501.2024	0.7434809	0.1403653
7242	114.4225	-386.982	501.4045	0.7538409	0.1927669
7248	116.03	-385	501.03	0.7608563	0.1140429
7254	116.3386	-385.3853	501.7239	0.326954	0.163184
7260	105.4378	-396.5138	501.9516	0.4503724	0.3124957
7266	116.4837	-385.3721	501.8558	0.4667304	0.2597258
7272	111.4514	-389.3424	500.7938	1.057521	0.1234573
7278	112.5083	-388.7156	501.2239	0.7001608	0.1361914
7284	108.9653	-392.2609	501.2263	0.6977871	0.1361914
7290	112.2198	-389.2022	501.4221	0.5863507	0.1533634
7296	118.4275	-382.7773	501.2047	0.8037108	0.1533634
7302	111.3083	-390.4759	501.7841	0.5212771	0.2508017
7308	120.5295	-381.3664	501.8959	0.2567913	0.1910285
7314	113.3615	-388.6517	502.0132	0.3092074	0.2596562
7320	116.7303	-385.3729	502.1032	0.2192256	0.2596562
7326	124.0603	-378.0287	502.0891	0.3225623	0.3208548
7332	116.8857	-385.1073	501.9931	0.4257135	0.3274303
7338	120.0962	-380.6667	500.7629	0.9287169	0.1005086
7344	113.1997	-387.5672	500.7669	0.9287169	0.1010141
7350	112.3868	-388.5833	500.9701	0.9542658	0.1362487
7356	123.553	-377.5639	501.1168	0.7792358	0.1310888
7362	126.1357	-374.9469	501.0826	0.7792358	0.1251919
7368	124.0595	-378.0579	502.1174	0.1950991	0.2544152
7374	120.4505	-381.5311	501.9816	0.05262791	0.1592154
7380	118.7932	-383.1707	501.9639	0.1248256	0.1727609
7386	116.6412	-384.855	501.4963	0.5963184	0.1737743
7392	101.6399	-397.7383	499.3782	1.404067	0.03555357
7398	113.6705	-386.5566	500.2271	1.325376	0.08473775
7404	114.8354	-385.6508	500.4863	1.325376	0.1171667
7410	112.7558	-387.7589	500.5148	1.227756	0.1071846
7416	118.1237	-381.2379	499.3616	1.455264	0.03690277
7422	120.2832	-378.682	498.9652	1.851661	0.03690277
7428	115.1403	-385.1749	500.3152	1.27545	0.08874461
7434	123.1453	-377.2042	500.3494	1.25786	0.09056437
7440	122.2379	-378.2815	500.5194	1.25786	0.1120541
7446	129.5692	-370.6127	500.1819	1.25786	0.07411222
7452	103.4945	-398.1692	501.6637	0.6744217	0.2684451
7458	107.5584	-394.0505	501.6089	0.6381429	0.224404
7464	117.9046	-381.5462	499.4508	1.569942	0.04608732
7470	115.1692	-383.8018	498.9711	1.569942	0.02748438
7476	124.0646	-374.7089	498.7735	1.767493	0.02748438
7482	119.3583	-379.4152	498.7735	1.767493	0.02748438
7488	118.0939	-380.6007	498.6945	1.595902	0.02112134
7494	121.1515	-378.3814	499.5329	1.595902	0.05195347
7500	124.936	-374.3112	499.2472	1.386386	0.0303223
7506	125.1099	-374.5713	499.6812	1.401132	0.04933429
7512	123.4184	-376.5519	499.9703	1.401132	0.06843549
7518	124.0545	-375.2425	499.297	1.55805	0.03845938
7524	120.4757	-378.8175	499.2933	1.55805	0.03830388
7530	120.8412	-378.7197	499.5609	1.55805	0.05138551
7536	112.3786	-387.6715	500.0502	1.476869	0.08219396
7542	124.8654	-374.6023	499.4677	1.443852	0.04089466
7548	127.3728	-372.5904	499.9632	1.443852	0.07133022
7554	128.2274	-372.1301	500.3575	1.347902	0.1022663
7560	131.5327	-368.4225	499.9552	1.296391	0.05964924
7566	130.0099	-370.3518	500.3617	1.296391	0.09640832
7572	124.6767	-375.2025	499.8792	1.370378	0.05951481
7578	117.6224	-384.0459	501.6682	0.4991199	0.1956396
7584	121.7198	-380.2711	501.9908	0.2167305	0.2093068
7590	111.4219	-390.7514	502.1733	0.0123625	0.2016558
7596	115.0103	-387.3856	502.3959	0.001230725	0.3085572
7602	109.4406	-391.9214	501.362	0.7791979	0.1875077
7608	112.2944	-388.8249	501.1193	0.6696919	0.1137681
7614	122.0997	-379.8714	501.9711	0.2403581	0.2107152
7620	124.6574	-377.0549	501.7123	0.5486934	0.2302256
7626	132.113	-369.8915	502.0045	0.2564972	0.2302256
7632	113.2367	-388.3196	501.5563	0.7046616	0.2302256
7638	115.1652	-386.8137	501.9789	0.3385677	0.2570186
7644	108.6976	-392.7114	501.4089	0.7385067	0.1894082
7650	118.4323	-382.975	501.4073	0.7821695	0.2029808
7656	115.1442	-385.5285	500.6727	1.012664	0.09973419
7662	115.6494	-385.2136	500.8631	0.9524627	0.1177647
7668	117.2345	-382.8985	500.133	1.279073	0.07175127
7674	114.6737	-386.3182	500.9919	0.7573653	0.108113
7680	107.6671	-392.0698	499.7369	1.410469	0.05304349
7686	112.391	-387.5756	499.9666	1.357516	0.06480359
7692	112.4312	-387.4043	499.8356	1.397589	0.05841753
7698	118.8833	-380.816	499.6992	1.6346	0.06553179
7704	129.6739	-371.5917	501.2657	0.5599032	0.1193268
7710	120.6064	-380.6553	501.2617	0.9375579	0.2063623
7716	122.776	-377.7407	500.5168	1.03658	0.08483158
7722	125.4797	-375.7443	501.224	0.5171032	0.1069879
7728	123.7212	-376.8239	500.5451	1.062759	0.09062851
7734	128.5808	-371.8344	500.4152	1.092707	0.08033975
7740	126.1617	-374.545	500.7067	1.092707	0.1153137
7746	130.982	-370.3435	501.3255	0.4900343	0.1177719
7752	126.3839	-375.9653	502.3492	0.1377885	0.4327277
7758	126.2603	-375.9848	502.2452	0.06793964	0.2547353
7764	122.774	-379.2871	502.0612	0.2191625	0.2387707
7770	130.0547	-371.5459	501.6005	0.5273404	0.1835813
7776	121.8888	-379.7495	501.6384	0.5273404	0.1951077
7782	118.1034	-383.6157	501.7191	0.4102116	0.1840154
7788	116.6076	-384.8908	501.4984	0.7437909	0.222462
7794	111.8957	-389.8754	501.771	0.01943092	0.1139857
7800	114.9754	-386.7027	501.6781	0.372443	0.1630981
7806	123.9544	-378.1454	502.0998	0.2486493	0.2745707
7812	116.4428	-385.8312	502.2739	0.01550381	0.2430077
7818	105.1806	-396.3488	501.5294	0.370169	0.1317114
7824	102.422	-398.2925	500.7145	0.8680698	0.08787496
7830	103.8156	-397.4455	501.2611	0.7572369	0.1555732
7836	105.3857	-396.1234	501.509	0.5687516	0.1699015
7842	113.7958	-383.9724	497.7682	2.011178	0.01245274
7848	113.2242	-385.3415	498.5657	1.866274	0.02449806
7854	112.8168	-388.4428	501.2596	0.6107518	0.126627
7860	124.2303	-377.4264	501.6567	0.3378174	0.1503231
7866	121.4729	-380.2731	501.746	0.4005725	0.1891425
7872	114.9748	-386.6332	501.6081	0.4813241	0.1729279
7878	120.1809	-381.5786	501.7595	0.3404099	0.1757443
7884	106.4465	-395.6798	502.1263	0.1617352	0.24234
7890	115.4042	-386.8803	502.2846	0.1758419	0.3767362
7896	111.0868	-390.8152	501.9019	0.4652134	0.2865399
7902	114.8178	-387.6087	502.4264	0.006136279	0.3413404
7908	113.6673	-388.7974	502.4647	0.0003899854	0.3841496
7914	110.6854	-391.7135	502.3989	0.04468318	0.353918
7920	110.1359	-391.6765	501.8125	0.4647406	0.2373547
7926	116.5168	-385.589	502.1058	0.2187975	0.2608554
7932	119.8021	-382.423	502.2251	0.2553695	0.4144628
7938	130.1648	-372.1311	502.2958	0.1483268	0.3546162
7944	131.0032	-371.141	502.1442	0.185601	0.2637086
7950	119.8051	-381.9402	501.7453	0.6306296	0.2925588
7956	112.6071	-389.2094	501.8165	0.3832886	0.2065277
7962	120.1406	-381.9763	502.1169	0.2115883	0.2629714
7968	116.6847	-385.1645	501.8492	0.4189088	0.233315
7974	102.6461	-398.1298	500.7759	1.126064	0.1321457
7980	113.5644	-387.6491	501.2135	0.7401552	0.1418844
7986	101.9738	-399.2132	501.187	0.8785301	0.1667874
7992	113.3017	-388.3717	501.6734	0.556233	0.2175365
7998	112.7228	-389.2933	502.0161	0.277731	0.2451212
8004	118.9729	-383.313	502.2858	0.1835517	0.3915652
8010	113.6252	-388.7188	502.344	0.05057191	0.3065241
8016	124.9674	-377.1717	502.1391	0.01068617	0.1901236
8022	130.3897	-371.8885	502.2783	0.005782559	0.2404903
8028	129.1277	-373.27	502.3977	0.01071457	0.3180059
8034	129.8807	-372.1863	502.067	0.2830625	0.2755895
8040	122.0441	-379.6947	501.7388	0.3381326	0.1696952
8046	117.1614	-384.8881	502.0495	0.3806043	0.3387403
8052	120.6149	-381.4674	502.0823	0.2729004	0.2787647
8058	122.5895	-377.7243	500.3138	0.9515367	0.06059194
8064	121.4687	-379.2653	500.7339	1.100069	0.1206574
8070	117.7414	-384.0125	501.754	0.4370759	0.2035028
8076	113.3361	-388.4471	501.7832	0.5791507	0.2833347
8082	109.2293	-391.5064	500.7357	0.5805172	0.06421662
8088	118.6703	-382.6117	501.282	0.700293	0.1477238
8094	126.4942	-374.9715	501.4657	0.5486715	0.1546794
8100	130.2931	-371.0532	501.3463	0.7010036	0.1623242
8106	128.7039	-372.6526	501.3564	0.673149	0.1581449
8112	126.1682	-375.7573	501.9255	0.2119933	0.1864095
8118	128.3864	-373.1715	501.5579	0.4309233	0.149113
8124	128.1304	-374.0844	502.2147	0.1369092	0.2765439
8130	121.7334	-380.0875	501.8208	0.5232424	0.2719543
8136	120.6774	-380.8454	501.5228	0.6524508	0.1982034
8142	123.6007	-378.3154	501.9161	0.4558889	0.2898437
8148	128.0745	-373.1988	501.2733	0.7328948	0.1528648
8154	123.0067	-378.7273	501.734	0.5290562	0.2311066
8160	113.1174	-388.0044	501.1218	0.9354654	0.1647487
8166	117.2772	-383.0241	500.3013	0.9354654	0.05865651
8172	122.895	-377.8243	500.7193	0.9354654	0.09600155
8178	120.0962	-380.519	500.6152	0.9354654	0.08456018
8184	122.0836	-378.818	500.9017	0.9354654	0.121155
8190	124.8858	-376.9186	501.8044	0.4948802	0.2477312
8196	128.7575	-372.6288	501.3863	0.6993747	0.1719508
8202	125.7028	-374.7989	500.5017	1.046907	0.0843459
8208	126.2862	-374.5047	500.7909	0.9803036	0.1111897
8214	122.2618	-378.6892	500.951	0.9032659	0.1239337
8220	118.9396	-382.39	501.3296	0.7629617	0.1737676
8226	127.0117	-374.8338	501.8455	0.3637373	0.2098993
8232	115.6612	-386.2941	501.9553	0.4046476	0.2818114
8238	119.5705	-381.2398	500.8103	0.9750237	0.1132237
8244	108.0014	-394.0096	502.011	0.320043	0.2643985
8250	115.7607	-386.3523	502.1129	0.2180823	0.2643985
8256	115.4756	-385.9686	501.4442	0.781494	0.2160275
8262	118.411	-382.4274	500.8385	0.9678926	0.116363
8268	122.3725	-378.7025	501.075	0.9161684	0.1496162
8274	119.4443	-381.8219	501.2662	0.6290572	0.1309471
8280	121.8379	-378.9619	500.7998	0.7383002	0.08328509
8286	123.3378	-378.1153	501.4531	0.568348	0.1562792
8292	124.1576	-377.7648	501.9224	0.3556826	0.2377395
8298	117.8841	-384.1335	502.0176	0.2604885	0.2377395
8304	122.956	-379.4568	502.4128	0.02494525	0.3470592
8310	111.1322	-391.1606	502.2928	0.04429681	0.2678771
8316	110.9648	-390.8169	501.7817	0.1951978	0.1466021
8322	119.4461	-382.4144	501.8605	0.45752	0.2573045
8328	118.7604	-382.1937	500.9541	0.7957329	0.1081912
8334	113.2342	-388.2923	501.5265	0.6496243	0.1984933
8340	114.9378	-386.9745	501.9122	0.2837534	0.2052181
8346	108.2879	-393.222	501.5099	0.5583482	0.1674737
8352	114.2198	-387.071	501.2909	0.7454606	0.1597172
8358	103.4543	-398.2807	501.735	0.5556759	0.2435742
8364	118.4335	-383.5958	502.0294	0.2932508	0.259768
8370	125.1841	-376.8397	502.0238	0.3047165	0.2630026
8376	126.8033	-375.2297	502.033	0.2955293	0.2630026
8382	121.2856	-380.1155	501.4011	0.6255458	0.1574664
8388	124.5549	-376.9346	501.4895	0.6597207	0.1899625
8394	116.9483	-384.3652	501.3135	0.7818417	0.1745124
8400	114.7162	-387.3607	502.077	0.01837792	0.1745124
8406	111.5892	-390.2075	501.7967	0.1835354	0.1472983
8412	112.1145	-390.0565	502.171	0.1201071	0.2438017
8418	118.8026	-382.8349	501.6374	0.4351905	0.1685811
8424	118.7595	-383.2714	502.0308	0.1798578	0.2104459
8430	98.40874	-403.7991	502.2079	0.1499223	0.2804051
8436	106.1067	-396.0343	502.141	0.1089948	0.2256128
8442	118.8574	-383.0221	501.8795	0.06432506	0.1399662
8448	113.0711	-388.129	501.2001	0.8770386	0.1697397
8454	114.9265	-386.6947	501.6212	0.311739	0.137875
8460	112.745	-388.9389	501.6839	0.5988437	0.2398765
8466	108.874	-393.3858	502.2598	0.1861992	0.356859
8472	107.5409	-394.0418	501.5826	0.3994562	0.1476904
8478	112.8265	-388.9087	501.7352	0.4224897	0.1925729
8484	103.8416	-397.7239	501.5655	0.5526613	0.1807875
8490	109.2892	-392.8576	502.1469	0.2113086	0.2806462
8496	109.6499	-392.282	501.932	0.4261951	0.2806462
8502	110.0962	-391.9094	502.0056	0.2878272	0.2449145
8508	122.323	-379.0018	501.3248	0.7508412	0.1693433
8514	111.7576	-389.3383	501.0959	0.7508412	0.1227004
8520	119.8454	-382.191	502.0364	0.2323084	0.2335555
8526	121.3145	-380.8625	502.177	0.09168957	0.2335555
8532	118.2285	-382.9226	501.1511	0.8514309	0.1520676
8538	128.8749	-372.9831	501.858	0.3693166	0.2166309
8544	113.6489	-388.5445	502.1933	0.2428496	0.345322
8550	116.1571	-385.4716	501.6287	0.4784346	0.1777252
8556	123.3473	-377.3664	500.7136	1.021485	0.1061769
8562	115.8096	-384.9484	500.758	0.8199074	0.08738062
8568	117.221	-384.913	502.134	0.1928561	0.2620992
8574	99.57177	-402.4393	502.0111	0.3224727	0.2658161
8580	110.1005	-392.0546	502.1551	0.1721973	0.2623442
8586	114.9747	-387.184	502.1587	0.2024638	0.2825913
8592	112.5118	-389.7102	502.2221	0.1391172	0.2825913
8598	114.3644	-387.348	501.7124	0.6087858	0.2590045
8604	107.0946	-394.9874	502.082	0.2651849	0.273819
8610	115.0061	-387.142	502.1481	0.3232402	0.3952121
8616	117.511	-382.3793	499.8903	1.485391	0.06877463
8622	111.4102	-388.5092	499.9194	1.456253	0.06877463
8628	119.2402	-380.5371	499.7773	1.537791	0.06413462
8634	123.073	-376.5431	499.616	1.566034	0.05514765
8640	118.4382	-382.1274	500.5656	0.9638281	0.08242289
8646	113.1419	-387.8441	500.986	0.9638281	0.141141
8652	122.4061	-378.9571	501.3633	0.7798379	0.1880893
8658	129.0559	-371.9815	501.0375	0.9338565	0.1454523
8664	117.3782	-383.6129	500.991	0.9241806	0.1345541
8670	113.583	-387.1967	500.7797	1.061453	0.1217993
8676	124.1787	-376.9769	501.1556	0.9899436	0.1888307
8682	119.8644	-382.138	502.0024	0.4748778	0.4072523
8688	115.768	-386.2796	502.0476	0.3778851	0.3339574
8694	122.528	-379.4511	501.9791	0.005971764	0.1483186
8700	123.6488	-378.4615	502.1102	0.3025494	0.3218925
8706	120.1973	-381.9595	502.1568	0.1890646	0.2730262
8712	121.7938	-380.1404	501.9341	0.4131911	0.2738956
8718	116.1236	-386.0569	502.1805	0.2012332	0.2967157
8724	112.6385	-389.227	501.8654	0.167478	0.1589194
8730	112.6729	-388.842	501.5149	0.5905162	0.1772414
8736	118.038	-383.0854	501.1233	0.869883	0.1500447
8742	108.0995	-393.4096	501.5091	0.7606979	0.2340308
8748	108.2023	-392.9058	501.1081	0.8317522	0.1392039
8754	117.4482	-384.1068	501.555	0.5077261	0.1660874
8760	127.6693	-373.5919	501.2612	0.8015526	0.1660874
8766	125.7071	-375.7833	501.4903	0.3542186	0.1223509
8772	129.587	-372.7841	502.3711	0.0839024	0.3687736
8778	126.3821	-375.7904	502.1725	0.2567966	0.3378871
8784	127.1655	-374.2423	501.4078	0.819028	0.2164489
8790	123.3275	-378.0738	501.4013	0.5753625	0.1465662
8796	109.8625	-391.6513	501.5137	0.7139229	0.2167739
8802	127.1304	-374.5673	501.6977	0.3682183	0.1668896
8808	128.4393	-373.4046	501.8439	0.3977982	0.2222758
8814	123.8443	-378.4041	502.2484	0.1294421	0.2939488
8820	125.3485	-376.7619	502.1104	0.2753846	0.299715
8826	112.9296	-388.938	501.8676	0.241493	0.1782559
8832	111.4289	-387.6443	499.0732	1.643409	0.03313196
8838	99.21888	-399.27	498.4888	1.824578	0.02163511
8844	116.2737	-384.4889	500.7626	0.7784018	0.08357992
8850	115.97	-385.0583	501.0282	0.7784018	0.1164075
8856	116.6107	-385.7604	502.371	0.1081622	0.41149
8862	115.8638	-386.0284	501.8922	0.1531108	0.1618475
8868	118.3294	-382.1673	500.4967	0.80033	0.06282554
8874	120.2647	-380.0142	500.2789	1.278051	0.08519874
8880	119.2492	-382.683	501.9321	0.5290132	0.3778124
8886	121.4979	-379.8766	501.3746	0.6491871	0.1568011
8892	117.2609	-383.2933	500.5542	1.014089	0.08637025
8898	122.803	-377.4237	500.2267	1.341542	0.08637025
8904	124.8476	-375.6863	500.5338	0.983744	0.08126705
8910	119.8962	-380.6376	500.5338	0.983744	0.08126705
8916	127.9522	-373.9453	501.8975	0.1823025	0.1704196
8922	129.194	-372.8177	502.0117	0.2295883	0.2220994
8928	122.4838	-378.9999	501.4837	0.7385159	0.2147204
8934	128.3066	-373.2454	501.5521	0.5371412	0.172885
8940	117.8209	-383.7418	501.5627	0.5965032	0.1930545
8946	116.85	-384.5053	501.3553	0.688423	0.1614716
8952	123.1611	-378.5757	501.7368	0.4512149	0.2024647
8958	119.1822	-381.9758	501.158	0.7630474	0.1356308
8964	119.167	-382.5806	501.7476	0.1445989	0.130409
8970	106.4582	-394.5325	500.9907	0.9796833	0.1452623
8976	116.9388	-384.8891	501.8279	0.3995526	0.2166788
8982	109.4225	-391.9493	501.3718	0.7081162	0.1704475
8988	106.3462	-395.2683	501.6145	0.6341176	0.2250673
8994	117.0974	-385.1419	502.2393	0.09683225	0.267302
9000	115.0651	-386.6012	501.6663	0.5456148	0.2109039
9006	118.2231	-383.8858	502.1089	0.1030544	0.2109039
9012	120.9498	-381.0617	502.0114	0.2981262	0.2528883
9018	115.8241	-386.3395	502.1636	0.1062703	0.2340837
9024	113.8017	-388.4529	502.2546	0.01528288	0.2340837
9030	117.0587	-384.5403	501.5989	0.4731158	0.168438
9036	120.7164	-380.9865	501.7029	0.5064597	0.2099613
9042	120.1957	-381.2091	501.4048	0.8099742	0.2119294
9048	117.3942	-384.0106	501.4048	0.8099742	0.2119294
9054	112.5746	-388.8301	501.4048	0.8099742	0.2119294
9060	109.2896	-392.4914	501.7811	0.3453986	0.1831759
9066	112.3576	-389.534	501.8916	0.2348869	0.1831759
9072	111.8984	-388.9096	500.808	0.5969848	0.07116192
9078	106.3913	-393.2527	499.644	1.575027	0.05749305
9084	110.584	-390.282	500.866	0.9540755	0.118462
9090	109.9926	-390.0291	500.0217	1.204352	0.05795007
9096	118.2732	-383.3382	501.6113	0.55079	0.1939627
9102	121.4051	-380.882	502.2871	0.1199267	0.316768
9108	108.9051	-393.2266	502.1317	0.07365875	0.2085147
9114	118.8689	-381.8292	500.6981	1.06269	0.109714
9120	114.9037	-385.9424	500.8461	0.9147425	0.109714
9126	110.9904	-390.1624	501.1528	0.6301558	0.112886
9132	113.4646	-388.5436	502.0083	0.3178701	0.2616873
9138	114.0154	-387.6379	501.6533	0.5762441	0.2174931
9144	113.3211	-388.6453	501.9663	0.2632053	0.2174931
9150	122.1706	-379.2774	501.448	0.7265461	0.1979792
9156	121.1426	-380.5918	501.7345	0.6377923	0.2900145
9162	123.8812	-377.963	501.8442	0.4724561	0.2565723
9168	120.3039	-381.9152	502.2192	0.2178207	0.3461983
9174	122.8593	-379.0103	501.8696	0.4093036	0.2381081
9180	122.9128	-378.5667	501.4794	0.5833857	0.1661189
9186	125.8305	-376.275	502.1055	0.3434775	0.360618
9192	114.0386	-388.3478	502.3864	0.06694038	0.3664999
9198	119.3292	-382.3253	501.6545	0.6200104	0.236133
9204	118.026	-384.1605	502.1865	0.08798157	0.236133
9210	118	-383.9283	501.9283	0.2966309	0.2157427
9216	103.0651	-399.0141	502.0791	0.145836	0.2157427
9222	90.82019	-410.5761	501.3963	0.8479765	0.2232981
9228	100.6967	-400.7011	501.3978	0.8479765	0.2239098
9234	105.0499	-396.8019	501.8518	0.2955951	0.1893885
9240	118.5213	-382.7438	501.265	0.8823569	0.1893885
9246	122.2771	-378.6884	500.9655	0.8700191	0.1208931
9252	121.2957	-380.3208	501.6165	0.5666029	0.2008227
9258	125.9688	-374.999	500.9678	0.7812986	0.1080809
9264	129.0142	-372.623	501.6372	0.4247508	0.1659078
9270	130.8631	-371.1975	502.0607	0.226844	0.242094
9276	128.7456	-372.7497	501.4953	0.7313194	0.2163796
9282	126.7155	-375.3272	502.0426	0.3453824	0.3013993
9288	126.0066	-375.297	501.3036	0.7900573	0.1740761
9294	123.4112	-378.9058	502.317	0.06747448	0.2987285
9300	117.8498	-383.9439	501.7937	0.4454612	0.2212562
9306	108.1045	-393.3524	501.4569	0.7118797	0.1960948
9312	114.4041	-387.7345	502.1386	0.01919828	0.1926214
9318	110.1981	-392.2549	502.453	0.003186259	0.370426
9324	111.4575	-390.9914	502.4489	0.007225881	0.370426
9330	105.1525	-397.3184	502.4708	0.02317849	0.4624213
9336	106.2615	-396.1599	502.4214	0.01019853	0.3402883
9342	109.8629	-392.4192	502.2821	0.0008115023	0.2399602
9348	116.2146	-386.0611	502.2757	7.152887e-05	0.2367191
9354	108.1475	-394.0636	502.2111	0.02879732	0.2215609
9360	128.56	-373.2931	501.8531	0.346299	0.2063949
9366	128.6658	-372.0661	500.7319	0.9866674	0.1039761
9372	127.1676	-375.0975	502.2651	0.04880079	0.2551563
9378	125.2805	-376.8746	502.155	0.1589086	0.2551563
9384	120.4951	-380.5136	501.0087	1.094725	0.1767094
9390	119.2932	-381.0229	500.3162	1.136246	0.07522576
9396	121.7681	-378.8178	500.5859	0.9544764	0.08351559
9402	117.1721	-383.8306	501.0027	0.7527222	0.1089618
9408	118.8465	-383.1997	502.0462	0.2754984	0.2592897
9414	116.8081	-385.1194	501.9275	0.3856487	0.2547609
9420	122.1829	-379.8968	502.0797	0.192353	0.2350345
9426	120.9254	-381.0052	501.9305	0.2629755	0.2043559
9432	111.7076	-390.2888	501.9964	0.1743768	0.1967375
9438	113.3445	-388.8782	502.2227	0.09958569	0.2595836
9444	115.0882	-386.769	501.8571	0.4639329	0.2589357
9450	126.9531	-374.9967	501.9498	0.2050098	0.1916676
9456	128.8536	-373.0626	501.9161	0.3136901	0.217605
9462	129.3702	-372.5861	501.9563	0.4119194	0.2872371
9468	120.3804	-381.525	501.9054	0.3589789	0.231701
9474	123.1015	-378.7439	501.8454	0.3810248	0.216298
9480	124.8383	-377.2488	502.0871	0.3421533	0.337838
9486	124.6393	-377.2989	501.9383	0.3330542	0.2347282
9492	130.052	-371.518	501.57	0.4866696	0.1646033
9498	124.8228	-376.8583	501.6811	0.4989956	0.19981
9504	113.8683	-386.7473	500.6156	1.27641	0.1303782
9510	121.7599	-378.317	500.077	1.27641	0.0670246
9516	120.6237	-379.8294	500.453	0.9003407	0.0670246
9522	117.4825	-384.758	502.2405	0.1824352	0.3314326
9528	120.7031	-381.5554	502.2585	0.06488257	0.2601686
9534	122.4184	-379.553	501.9714	0.3351983	0.2513888
9540	108.7137	-393.7518	502.4654	0.01077256	0.4048604
9546	111.9101	-390.2623	502.1725	0.0783913	0.2259775
9552	116.5987	-385.6596	502.2583	0.1689676	0.3357756
9558	115.1823	-385.7896	500.9719	0.9590002	0.1374785
9564	105.7298	-395.1471	500.8769	0.9169316	0.1144868
9570	109.9442	-390.9327	500.8769	0.9169316	0.1144868
9576	109.9057	-391.0383	500.944	0.8498469	0.1144868
9582	110.3179	-390.3907	500.7086	0.8734432	0.08782479
9588	107.6139	-393.4515	501.0654	0.9197603	0.1483307
9594	115.6345	-386.2635	501.8981	0.4294469	0.2624405
9600	103.5857	-398.4615	502.0472	0.1188282	0.195211
9606	116.2107	-385.2893	501.5	0.666197	0.1952655
9612	116.223	-385.4456	501.6686	0.5871151	0.2279913
9618	115.9504	-384.8104	500.7608	0.7575309	0.08134218
9624	124.7136	-377.4258	502.1394	0.1898471	0.2634051
9630	126.3909	-374.5708	500.9618	0.7497348	0.1030538
9636	118.6601	-383.5172	502.1773	0.1287426	0.2511181
9642	110.4842	-391.311	501.7952	0.3651779	0.1934216
9648	117.9453	-383.7142	501.6595	0.5008665	0.1934216
9654	123.4948	-377.4317	500.9264	0.8454727	0.1112896
9660	126.8146	-374.8742	501.6887	0.4607142	0.1900213
9666	118.3633	-382.4012	500.7645	0.9566035	0.1043119
9672	119.9886	-380.6449	500.6335	1.128118	0.1098229
9678	123.6568	-376.9373	500.5941	1.128118	0.104456
9684	124.0923	-377.1729	501.2652	0.6617567	0.1367391
9690	130.1031	-372.0238	502.1268	0.1591134	0.2413651
9696	130.4771	-371.7954	502.2725	0.01347913	0.2413651
9702	128.6867	-373.4389	502.1255	0.1603979	0.2413651
9708	123.9985	-377.3962	501.3948	0.4531434	0.1228971
9714	119.4051	-381.3837	500.7889	1.116032	0.1326745
9720	117.7165	-383.1018	500.8182	1.11012	0.1370033
9726	123.227	-377.9679	501.1949	0.7911247	0.1485099
9732	122.8312	-378.2586	501.0898	0.8878274	0.1467618
9738	122.4946	-378.6868	501.1814	0.6206178	0.1157007
9744	117.2835	-384.66	501.9435	0.2027322	0.1890431
9750	106.5343	-395.5732	502.1075	0.186421	0.2451221
9756	110.5028	-391.7389	502.2416	0.2002237	0.3518387
9762	106.2626	-396.0615	502.3241	0.1653723	0.4412433
9768	118.4098	-383.9274	502.3372	0.1205573	0.3727438
9774	111.0882	-391.1988	502.2869	0.1781441	0.3841337
9780	118.6263	-383.576	502.2022	0.1094407	0.2539856
9786	126.283	-375.7772	502.0602	0.3501417	0.3196657
9792	126.9627	-373.706	500.6687	1.095499	0.1101928
9798	123.7915	-376.5659	500.3574	1.095499	0.07527254
9804	92.62185	-408.887	501.5089	0.532007	0.1607923
9810	123.0424	-378.8166	501.8591	0.4418003	0.2485424
9816	119.579	-382.02	501.5991	0.4581788	0.1647347
9822	117.0147	-384.7108	501.7254	0.4331957	0.1928717
9828	118.3895	-383.2881	501.6776	0.4638671	0.187594
9834	122.9358	-378.4853	501.4211	0.8054224	0.2163346
9840	123.8308	-377.9507	501.7815	0.4401559	0.2145039
9846	117.8728	-383.8878	501.7607	0.4610312	0.2145039
9852	122.175	-380.0187	502.1938	0.1214215	0.2558102
9858	110.9203	-390.1684	501.0887	0.680751	0.1109334
9864	115.501	-386.2006	501.7015	0.3410291	0.1611915
9870	111.4822	-390.3642	501.8464	0.196173	0.1611915
9876	113.747	-387.6518	501.3988	0.6559135	0.1641077
9882	120.7856	-380.3156	501.1012	0.5948828	0.1010736
9888	119.2017	-382.1301	501.3318	0.7230584	0.1641552
9894	121.4246	-379.6284	501.053	0.9302362	0.147924
9900	115.9482	-385.6038	501.5519	0.624895	0.1987243
9906	108.1786	-393.6328	501.8114	0.6036215	0.3238919
9912	112.139	-389.1696	501.3087	0.8807479	0.2029469
9918	122.6055	-379.5993	502.2048	0.02696289	0.2183426
9924	127.1353	-374.0613	501.1965	0.8993438	0.1746528
9930	123.7695	-377.5152	501.2847	0.6396135	0.1362401
9936	113.8889	-387.6998	501.5887	0.6396135	0.2170257
9942	115.7922	-385.5654	501.3576	0.7422677	0.1757211
9948	118.3266	-382.8549	501.1815	0.9183459	0.1757211
9954	123.2808	-377.7365	501.0172	0.8989824	0.1347357
9960	124.9991	-377.2027	502.2018	0.1562096	0.2805671
9966	116.2448	-385.9679	502.2127	0.1858511	0.3096814
9972	123.8232	-378.5713	502.3945	0.0368283	0.3400026
9978	129.4905	-372.892	502.3826	0.07389456	0.3708651
9984	110.7603	-390.6078	501.3682	0.449396	0.1180777
9990	120.2135	-381.9237	502.1372	0.2541616	0.3039464
9996	116.7843	-385.0529	501.8373	0.4259373	0.2311774
10002	117.3682	-384.997	502.3652	0.08326138	0.3599672
10008	124.9094	-377.1067	502.0162	0.08740994	0.1767479
10014	122.7074	-378.8816	501.589	0.5187952	0.1778909
10020	113.7194	-388.4284	502.1478	0.2850492	0.3416716
10026	102.8585	-399.1891	502.0476	0.0719912	0.1812201
10032	123.9922	-378.0873	502.0795	0.1301206	0.2100684
10038	131.2541	-370.5845	501.8386	0.3710207	0.2100684
10044	126.9193	-374.7395	501.6588	0.5509081	0.2100684
10050	121.5928	-380.3495	501.9423	0.1888931	0.1845511
10056	116.455	-385.1931	501.6481	0.4952845	0.188174
10062	111.4046	-390.3957	501.8003	0.5250702	0.261282
10068	102.9464	-398.3863	501.3327	0.3981602	0.1056014
10074	108.2175	-392.1603	500.3777	1.273539	0.09559338
10080	114.9186	-387.4769	502.3955	0.008971136	0.3146156
10086	115.0524	-387.3055	502.3579	0.002388225	0.2820289
10092	116.1891	-384.2421	500.4312	1.066068	0.07932783
10098	120.18	-382.0929	502.273	0.1317499	0.3148074
10104	119.8956	-381.8927	501.7884	0.4308213	0.213569
10110	118.8129	-383.5416	502.3545	0.03786681	0.3047689
10116	118.5626	-383.5865	502.1491	0.05672672	0.2086743
10122	119.6752	-382.0833	501.7585	0.4169529	0.1982772
10128	113.645	-388.4105	502.0556	0.4169529	0.3974348
10134	114.9474	-386.7119	501.6592	0.4395004	0.1754282
10140	109.5538	-392.3381	501.8919	0.4395004	0.2646083
10146	108.8907	-393.2518	502.1425	0.2563979	0.3099431
10152	112.1895	-390.1554	502.3449	0.0440178	0.3021143
10158	119.1762	-381.7521	500.9283	0.930084	0.1246141
10164	114.535	-385.9889	500.5239	1.105592	0.09306267
10170	115.2209	-385.1364	500.3573	1.105592	0.07616456
10176	122.5125	-378.0922	500.6047	1.105592	0.1029024
10182	119.4629	-380.8522	500.3151	1.105592	0.0724816
10188	125.9695	-374.4304	500.3999	1.105592	0.08010079
10194	120.9832	-379.6952	500.6784	1.105592	0.11304
10200	126.4424	-374.0375	500.48	1.248823	0.1053268
10206	120.2981	-379.7826	500.0807	1.248823	0.06520896
10212	109.208	-391.0375	500.2455	1.001308	0.05933013
10218	102.8029	-396.8535	499.6564	1.59047	0.05933013
10224	110.7658	-388.6673	499.4331	1.500813	0.04190385
10230	108.8612	-392.3126	501.1738	0.8592418	0.1589475
10236	100.6176	-400.3262	500.9438	0.8450041	0.1137421
10242	116.771	-382.9136	499.6846	1.519448	0.0565314
10248	113.4547	-386.0544	499.5091	1.519448	0.0464844
10254	111.59	-387.981	499.5709	1.519448	0.04977804
10260	115.4895	-383.8597	499.3492	1.555153	0.0405748
10266	112.5711	-387.7553	500.3264	0.9147133	0.05894826
10272	124.0559	-378.0552	502.1111	0.03942325	0.1903619
10278	123.0013	-378.0392	501.0405	0.8303315	0.1267086
10284	122.193	-379.2507	501.4437	0.3539841	0.1150591
10290	116.7421	-384.8088	501.5508	0.3887359	0.1391424
10296	111.549	-390.2922	501.8412	0.4015964	0.2226972
10302	124.0196	-377.4792	501.4988	0.6196583	0.1808978
10308	130.5678	-371.1898	501.7576	0.513346	0.2345651
10314	117.3345	-384.4324	501.7669	0.5040946	0.2345651
10320	125.9797	-376.0035	501.9832	0.2108296	0.20453
10326	126.2758	-374.7556	501.0314	0.6645882	0.1010586
10332	123.3185	-378.6006	501.9191	0.2797336	0.2062016
10338	111.4371	-390.1943	501.6314	0.7085971	0.2695523
10344	124.9349	-376.5704	501.5053	0.4925873	0.1510605
10350	120.9433	-380.7362	501.6794	0.4519834	0.1846229
10356	120.741	-381.0812	501.8222	0.2903022	0.1791973
10362	127.929	-373.625	501.554	0.5584256	0.1791973
10368	116.0317	-385.1171	501.1488	0.7463636	0.1309357
10374	117.8137	-383.54	501.3537	0.7463636	0.1757747
10380	119.4689	-381.7712	501.2401	0.8522136	0.1737151
10386	117.909	-384.2668	502.1759	0.2189345	0.3066722
10392	131.3809	-370.7937	502.1746	0.2851426	0.3756409
10398	143.1936	-358.3127	501.5063	0.5400492	0.1620969
10404	139.7197	-362.251	501.9707	0.2806122	0.2261865
10410	122.0608	-378.992	501.0528	0.7569187	0.1168727
10416	118.9054	-383.3842	502.2896	0.09345566	0.297679
10422	123.3704	-378.8884	502.2588	0.06557258	0.2607146
10428	118.3356	-382.9663	501.3019	0.5269923	0.1198442
10434	122.9224	-379.3104	502.2328	0.05414109	0.2418491
10440	103.2668	-399.2024	502.4692	0.01158856	0.4153408
10446	110.9321	-391.2761	502.2082	0.1323088	0.269836
10452	120.451	-380.5287	500.9797	1.008342	0.1489502
10458	124.3218	-376.5195	500.8413	0.8805776	0.1044124
10464	114.3677	-385.493	499.8607	1.312702	0.05461182
10470	118.7155	-381.8576	500.5731	1.091503	0.09718382
10476	123.025	-377.5829	500.6079	0.8117378	0.07238851
10482	124.7875	-375.4439	500.2313	1.1883	0.07238851
10488	118.5266	-381.7703	500.2969	1.352122	0.09532961
10494	124.8643	-376.8377	501.702	0.4548501	0.1923169
10500	109.6856	-390.4247	500.1103	1.403575	0.08090695
10506	114.5354	-386.1069	500.6423	1.121385	0.1101165
10512	117.6845	-384.0416	501.7261	0.3933455	0.1811648
10518	110.8055	-391.1655	501.9709	0.4319345	0.3132327
10524	111.3896	-390.8222	502.2118	0.1856662	0.3088104
10530	107.825	-394.4258	502.2508	0.2008533	0.364207
10536	106.8246	-395.0098	501.8344	0.3998888	0.2193316
10542	110.7889	-390.7429	501.5318	0.6455259	0.1988888
10548	103.9423	-398.4668	502.4091	0.07854721	0.4346711
10554	105.7279	-395.8977	501.6256	0.5914945	0.2127897
10560	112.0615	-389.9465	502.0079	0.1445958	0.1909632
10566	113.3048	-388.735	502.0398	0.3895016	0.3379106
10572	115.0013	-386.9958	501.997	0.4764069	0.3992593
10578	128.4481	-373.8546	502.3027	0.14939	0.3648245
10584	127.4183	-374.4797	501.8981	0.3623618	0.229987
10590	118.5709	-383.0278	501.5987	0.6787901	0.2374755
10596	116.8958	-385.2165	502.1123	0.2054303	0.2571684
10602	113.082	-388.8545	501.9365	0.2977276	0.2193058
10608	112.5202	-389.3171	501.8373	0.01141554	0.1230331
10614	109.0865	-393.1961	502.2826	0.004359972	0.2418533
10620	116.8869	-384.7739	501.6608	0.3556986	0.1551596
10626	128.3746	-373.3405	501.7151	0.3070088	0.1564328
10632	120.2091	-381.8065	502.0156	0.3239636	0.269278
10638	116.1815	-385.5247	501.7062	0.4049417	0.1788338
10644	125.7467	-375.7003	501.447	0.6102177	0.1647433
10650	114.1141	-387.8652	501.9793	0.3299975	0.2527882
10656	115.8541	-385.6942	501.5483	0.8187498	0.2864781
10662	113.2764	-388.9271	502.2035	0.2583846	0.37904
10668	105.3751	-396.3434	501.7185	0.3953202	0.1795896
10674	115.4238	-386.46	501.8838	0.1458493	0.158165
10680	122.5356	-379.4452	501.9808	0.04886855	0.158165
10686	124.9007	-376.8759	501.7765	0.3883891	0.1948633
10692	122.5115	-379.4749	501.9864	0.2714356	0.2288891
10698	111.9737	-389.761	501.7347	0.4879096	0.2148642
10704	118.9399	-383.1093	502.0492	0.1243544	0.1976501
10710	114.9251	-387.1301	502.0551	0.3942611	0.3612141
10716	127.9922	-374.2598	502.252	0.04494804	0.2466031
10722	121.0151	-381.0359	502.051	0.3052318	0.279438
10728	122.2262	-379.3202	501.5464	0.5435022	0.1730634
10734	124.3016	-377.135	501.4366	0.4823425	0.1352422
10740	121.6946	-380.4261	502.1207	0.1715002	0.2443196
10746	114.6973	-387.5385	502.2357	0.2127255	0.3599692
10752	122.3116	-380.0076	502.3192	0.06584669	0.2991829
10758	115.0238	-386.968	501.9918	0.2949382	0.2417517
10764	117.5925	-384.1579	501.7504	0.6016254	0.2767913
10770	121.2778	-380.4531	501.7308	0.6016254	0.2651964
10776	120.7533	-381.42	502.1733	0.2740195	0.3585563
10782	115.6948	-386.2062	501.901	0.4079281	0.2525988
10788	112.7462	-389.5678	502.3139	0.1599231	0.40008
10794	111.9434	-390.0388	501.9822	0.2617535	0.2231561
10800	126.2261	-375.9005	502.1266	0.178419	0.2506209
10806	125.1327	-377.0559	502.1886	0.04044231	0.2173161
10812	121.0501	-380.7187	501.7687	0.474705	0.2229574
10818	124.0642	-377.4724	501.5365	0.5787634	0.1799878
10824	121.4757	-380.7009	502.1767	0.2656742	0.3524099
10830	121.5325	-380.7797	502.3122	0.09544712	0.3173419
10836	120.5451	-381.1268	501.672	0.4959048	0.1958108
10842	126.1044	-376.0838	502.1882	0.2246779	0.3219949
10848	131.1706	-370.8517	502.0223	0.1882798	0.210385
10854	128.8012	-372.4064	501.2076	0.9495225	0.1924037
10860	127.9361	-372.8136	500.7497	0.9617483	0.1030435
10866	132.5779	-369.6301	502.208	0.1115258	0.2581061
10872	117.9472	-384.1333	502.0805	0.2044515	0.2408826
10878	122.2859	-379.3936	501.6796	0.5059218	0.201609
10884	124.3958	-377.9115	502.3073	0.07818884	0.2994851
10890	131.7364	-370.6934	502.4298	0.01761119	0.3586366
10896	129.0153	-372.7806	501.796	0.4787454	0.2362263
10902	123.594	-378.6041	502.1981	0.0766298	0.2362263
10908	120.6752	-381.5203	502.1956	0.004857568	0.2067627
10914	111.3923	-389.3091	500.7015	1.10492	0.1163718
10920	116.8156	-384.0398	500.8554	0.8936972	0.1080781
10926	117.8767	-383.469	501.3457	0.6129832	0.1429003
10932	126.2728	-375.8598	502.1326	0.1054777	0.2208033
10938	119.8219	-382.133	501.9548	0.3920983	0.2736576
10944	119.9196	-382.1496	502.0692	0.3453727	0.3235129
10950	112.8801	-388.9309	501.8109	0.6036345	0.3235129
10956	119.1284	-383.206	502.3343	0.1141602	0.3600066
10962	121.7669	-380.327	502.0939	0.0638798	0.1925967
10968	126.5769	-374.903	501.4799	0.6554152	0.1857733
10974	125.8659	-375.1447	501.0106	0.7284264	0.1067021
10980	121.3369	-378.9257	500.2626	1.204334	0.07652298
10986	115.1874	-385.0779	500.2652	1.101091	0.06803449
10992	108.8149	-391.5248	500.3397	1.161825	0.07972845
10998	113.0444	-387.318	500.3624	1.253234	0.09148705
11004	116.6744	-383.2772	499.9516	1.32673	0.06149288
11010	108.5491	-392.8577	501.4068	0.6204199	0.1575945
11016	120.0501	-381.213	501.2631	0.6204199	0.128886
11022	117.6243	-383.9839	501.6081	0.6751548	0.2401325
11028	108.6415	-392.9216	501.5631	0.5815634	0.1885581
11034	106.9096	-395.1457	502.0553	0.4139069	0.3912778
11040	118.8495	-383.1819	502.0314	0.1577351	0.2028555
11046	122.387	-379.9564	502.3434	0.004920403	0.2745106
11052	120.3658	-381.9696	502.3354	0.001843885	0.2679431
11058	116.6608	-385.2585	501.9193	0.2845215	0.2079867
11064	118.3777	-383.1382	501.5159	0.770414	0.2415275
11070	131.7709	-370.4187	502.1896	0.2187224	0.3179456
11076	129.7135	-371.8772	501.5906	0.6287149	0.2136236
11082	126.8138	-374.6761	501.4899	0.7555783	0.2237957
11088	128.5326	-373.7882	502.3208	0.08487847	0.3156137
11094	105.996	-395.6449	501.641	0.3683872	0.1535606
11100	107.5978	-394.0348	501.6326	0.466483	0.1755231
11106	110.1369	-391.4153	501.5522	0.6900138	0.2224723
11112	117.4262	-384.3564	501.7825	0.4597101	0.2224723
11118	120.3836	-381.2545	501.638	0.4597101	0.1751586
11124	111.8916	-389.7524	501.644	0.5744076	0.2132763
11130	122.0752	-379.8391	501.9143	0.3595863	0.2358801
11136	123.1328	-378.5689	501.7017	0.411825	0.179507
11142	117.4236	-384.1387	501.5623	0.5284127	0.1732699
11148	108.4262	-393.5333	501.9595	0.2069744	0.1953478
11154	100.5059	-400.964	501.47	0.6467371	0.1803888
11160	111.5752	-389.6165	501.1917	0.7711064	0.1437228
11166	113.1972	-388.16	501.3572	0.7711064	0.1837116
11172	126.5946	-375.238	501.8326	0.306335	0.1868531
11178	126.4544	-375.1556	501.61	0.635221	0.2236697
11184	115.1562	-386.5947	501.751	0.3770116	0.183617
11190	100.0492	-401.7557	501.8049	0.3742085	0.1994668
11196	100.2977	-401.8619	502.1596	0.2847828	0.3548951
11202	116.5384	-385.5422	502.0806	0.2625341	0.2713748
11208	116.5148	-385.1012	501.616	0.416267	0.1587628
11214	109.4513	-392.0826	501.534	0.4982982	0.1587628
11220	111.4626	-390.4109	501.8735	0.4459149	0.2580457
11226	120.5557	-381.5889	502.1446	0.1526051	0.2467316
11232	125.1736	-376.8066	501.9803	0.2226072	0.207634
11238	119.8304	-382.4317	502.2621	0.06762233	0.2636441
11244	123.3837	-378.3982	501.782	0.3726328	0.1916113
11250	115.1211	-386.0671	501.1881	0.7436199	0.1376467
11256	113.4738	-387.7969	501.2707	0.7436199	0.1546744
11262	121.8406	-379.8394	501.68	0.4947596	0.1980298
11268	122.5557	-378.905	501.4606	0.6587694	0.181155
11274	122.7259	-379.0678	501.7937	0.4593892	0.2269102
11280	117.564	-384.1774	501.7414	0.5528779	0.2452949
11286	112.037	-389.9277	501.9647	0.3295286	0.2452949
11292	113.5758	-388.1382	501.7139	0.5079827	0.2145844
11298	113.5744	-387.8052	501.3797	0.5680258	0.1407187
11304	116.3895	-385.5486	501.9381	0.3852619	0.260161
11310	128.8604	-373.2968	502.1572	0.1475209	0.2504415
11316	124.3067	-377.9665	502.2731	0.02240256	0.2459169
11322	123.9717	-378.1409	502.1126	0.1037642	0.2125377
11328	126.1007	-375.9423	502.043	0.2391177	0.2395813
11334	125.7293	-375.7236	501.4529	0.6939054	0.1892164
11340	117.426	-384.8086	502.2346	0.01744188	0.2264608
11346	117.8041	-384.131	501.9351	0.01261157	0.1407282
11352	117.4714	-384.6068	502.0781	0.2540463	0.2650529
11358	122.9108	-379.1161	502.0269	0.2465164	0.2356587
11364	124.1269	-378.0364	502.1634	0.1855787	0.2748853
11370	122.1568	-380.0111	502.1679	0.05712183	0.2157662
11376	122.1177	-379.4741	501.5918	0.5662626	0.1926908
11382	120.1795	-381.4092	501.5888	0.5693109	0.1926908
11388	126.9752	-374.5367	501.5119	0.4691251	0.1474686
11394	117.6796	-383.5323	501.2119	0.7833953	0.1504971
11400	111.4828	-389.6404	501.1232	0.7514499	0.1273556
11406	107.6003	-393.7938	501.3941	0.4938267	0.1296455
11412	117.7886	-382.8732	500.6618	0.9573062	0.09188116
11418	115.3606	-386.1038	501.4644	0.2723795	0.1063978
11424	113.4657	-387.1612	500.6269	1.207414	0.1207
11430	119.8357	-382.2774	502.1131	0.2422019	0.2788468
11436	112.9244	-388.7986	501.723	0.4068436	0.1841703
11442	121.7323	-379.5049	501.2371	0.6458408	0.1287891
11448	118.4064	-383.1964	501.6028	0.5880136	0.2034244
11454	127.0719	-375.0058	502.0777	0.04569081	0.1822803
11460	120.7736	-381.3483	502.1219	0.2829208	0.3148857
11466	127.4966	-374.4738	501.9704	0.4653729	0.3448698
11472	122.4366	-379.7779	502.2146	0.1238945	0.2686464
11478	122.6303	-379.2984	501.9287	0.2604175	0.2028554
11484	121.2307	-379.6283	500.859	0.9681247	0.1195687
11490	123.2191	-378.1655	501.3846	0.5170116	0.132081
11496	118.7597	-382.7871	501.5468	0.5170116	0.1663693
11502	117.7063	-383.923	501.6293	0.5021005	0.1846179
11508	117.4333	-384.2501	501.6834	0.5381885	0.2144613
11514	119.6525	-382.2489	501.9014	0.2809783	0.2005604
11520	120.251	-381.4702	501.7212	0.5614116	0.2397967
11526	116.4477	-385.1767	501.6244	0.5145945	0.1868565
11532	116.25	-385.3025	501.5525	0.7656345	0.2573867
11538	119.1816	-382.7204	501.902	0.3896211	0.2440404
11544	112.4621	-389.4383	501.9003	0.391267	0.2440404
11550	113.7871	-388.1084	501.8956	0.3957527	0.2438932
11556	101.8224	-400.1752	501.9976	0.2936725	0.2438932
11562	109.7891	-391.4726	501.2618	0.7637223	0.1572002
11568	115.7273	-385.5201	501.2475	0.7780292	0.1572002
11574	113.9865	-387.0921	501.0786	0.7002353	0.1122834
11580	102.5752	-399.474	502.0492	0.3266376	0.2924833
11586	119.5046	-381.9924	501.497	0.5880684	0.1717983
11592	120.0407	-381.9398	501.9805	0.2644658	0.2235607
11598	122.8696	-379.2037	502.0733	0.2815404	0.2785086
11604	120.621	-381.529	502.1501	0.1049727	0.2277192
11610	125.3153	-376.7474	502.0627	0.25525	0.257275
11616	125.4263	-376.6058	502.0321	0.2087809	0.2219557
11622	119.0202	-382.5706	501.5909	0.398275	0.149177
11628	108.5537	-393.7641	502.3178	0.1307785	0.3601173
11634	119.976	-382.4108	502.3868	0.04719525	0.3428526
11640	116.2847	-386.0006	502.2853	0.0251283	0.2533446
11646	114.0166	-388.237	502.2537	0.007715641	0.2304002
11652	112.4033	-390.0256	502.4288	0.06189524	0.4462191
11658	119.5531	-382.2508	501.8039	0.3666537	0.1966702
11664	119.3166	-382.934	502.2505	0.009809916	0.2299594
11670	109.4236	-392.6658	502.0895	0.2330548	0.2597213
11676	114.071	-387.5912	501.6622	0.5599738	0.2146866
11682	118.824	-383.057	501.8811	0.3145899	0.205105
11688	113.1318	-388.9046	502.0363	0.2204022	0.2284293
11694	113.7049	-387.4498	501.1547	0.5396868	0.1008589
11700	112.5379	-389.9119	502.4497	0.02070722	0.3935222
11706	115.6653	-386.7879	502.4532	0.006967741	0.3762849
11712	120.7893	-381.5755	502.3648	0.108068	0.3980194
11718	116.5347	-385.7887	502.3234	0.1355285	0.3744212
11724	124.8529	-377.0076	501.8605	0.3950384	0.2279316
11730	129.0151	-372.4364	501.4515	0.7528085	0.2081306
11736	127.5531	-374.2041	501.7572	0.3952076	0.1909324
11742	125.6587	-376.455	502.1137	0.2094829	0.2600724
11748	122.715	-378.2286	500.9436	0.8423793	0.1133321
11754	127.2911	-374.6909	501.982	0.1391286	0.1816448
11760	127.667	-374.2293	501.8963	0.4100899	0.2512847
11766	129.5966	-372.5618	502.1584	0.2675316	0.3344506
11772	134.4491	-367.5217	501.9707	0.3092976	0.2386319
11778	131.2657	-370.8329	502.0986	0.1271397	0.2160358
11784	127.7383	-374.4402	502.1785	0.2160979	0.3065122
11790	128.5409	-373.4448	501.9857	0.4118111	0.3088357
11796	119.7615	-382.0938	501.8553	0.2489321	0.1769285
11802	121.0851	-380.9166	502.0017	0.1944052	0.2052544
11808	116.4616	-384.6222	501.0838	0.7476626	0.1202562
11814	115.7222	-385.5885	501.3108	0.6797641	0.1494721
11820	100.758	-401.1199	501.8779	0.27789	0.1919889
11826	107.2838	-394.3469	501.6307	0.2864184	0.1349067
11832	120.343	-380.4722	500.8151	0.8763305	0.1004909
11838	118.0605	-383.1071	501.1676	0.8763305	0.1615202
11844	119.3653	-382.2722	501.6375	0.5297277	0.1955991
11850	121.6941	-380.4284	502.1225	0.177539	0.2481227
11856	116.086	-385.147	501.233	0.6472585	0.1283241
11862	118.9529	-382.8192	501.7722	0.5662729	0.2686427
11868	108.4746	-393.2243	501.6989	0.5803254	0.2382468
11874	111.5258	-390.4459	501.9717	0.138289	0.1785189
11880	123.0199	-378.6431	501.6631	0.7455343	0.3181648
11886	127.0802	-375.0372	502.1174	0.145043	0.2308741
11892	129.7364	-371.5644	501.3009	0.7159242	0.1552293
11898	125.3094	-376.0717	501.3811	0.7342112	0.1799974
11904	119.586	-381.7323	501.3183	0.7970243	0.1799974
11910	120.7504	-381.1456	501.896	0.2575078	0.1912625
11916	121.635	-379.3013	500.9363	0.9728321	0.1334466
11922	120.6088	-381.0375	501.6463	0.7559345	0.3127207
11928	118.6101	-382.9808	501.591	0.5879419	0.199409
11934	124.9475	-376.1068	501.0543	0.8817428	0.1384609
11940	115.8716	-385.3978	501.2694	0.8720352	0.187589
11946	119.1613	-381.9735	501.1348	0.6955866	0.1200859
11952	109.8358	-392.3754	502.2112	0.1643935	0.2923285
11958	114.2439	-387.6983	501.9422	0.4352066	0.2936202
11964	111.2004	-390.5958	501.7962	0.4477341	0.2231416
11970	116.3284	-385.7804	502.1088	0.3267939	0.3446344
11976	122.2359	-379.7892	502.0251	0.147885	0.1974651
11982	123.9133	-378.1353	502.0486	0.08458524	0.1851432
11988	114.1891	-387.5078	501.697	0.4869383	0.2010745
11994	114.6518	-387.2499	501.9017	0.282152	0.2010745
12000	123.4231	-378.5178	501.9409	0.2430334	0.2010745
12006	113.1607	-388.5655	501.7261	0.5328895	0.2294006
12012	119.0407	-382.2956	501.3363	0.4570216	0.1144133
12018	119.8458	-380.9956	500.8414	0.9519559	0.1144133
12024	109.9479	-390.7452	500.6932	0.8877948	0.08770628
12030	107.2556	-393.9446	501.2002	0.6490179	0.1231023
12036	113.7114	-387.1786	500.8899	0.9592263	0.1231023
12042	119.1015	-382.6825	501.784	0.5127014	0.2464966
12048	123.8643	-377.9381	501.8024	0.4337148	0.2200459
12054	130.2041	-371.6234	501.8275	0.3207118	0.1896275
12060	125.3895	-376.296	501.6855	0.3878796	0.1687776
12066	121.8015	-380.0084	501.8099	0.263465	0.1687776
12072	118.2022	-383.3586	501.5608	0.2118796	0.111397
12078	124.605	-376.2406	500.8456	0.9270203	0.111397
12084	128.1149	-373.0669	501.1818	0.6829276	0.1256852
12090	123.1631	-379.0288	502.1919	0.07140007	0.2312326
12096	123.8012	-377.4351	501.2362	0.583086	0.1183523
12102	124.8206	-376.8695	501.6901	0.5851842	0.2365058
12108	117.3851	-384.3926	501.7777	0.3159963	0.1740639
12114	124.3321	-377.1177	501.4497	0.6647028	0.1797501
12120	112.6245	-389.1355	501.76	0.3272496	0.1723566
12126	115.4207	-385.7071	501.1278	0.7594882	0.1295393
12132	107.8675	-393.405	501.2725	0.7824511	0.1641716
12138	108.8108	-392.9093	501.72	0.494139	0.2117196
12144	112.5554	-389.0748	501.6303	0.5560331	0.2018855
12150	114.9142	-387.1308	502.045	0.1265315	0.1970037
12156	118.3868	-383.5452	501.932	0.37183	0.2500165
12162	108.0824	-394.2252	502.3076	0.1767877	0.4246866
12168	122.8857	-378.2506	501.1363	0.925955	0.1659735
12174	113.85	-386.9015	500.7515	1.090602	0.1219505
12180	101.5399	-399.7933	501.3332	0.4173428	0.1082798
12186	121.426	-379.0985	500.5245	0.9537996	0.07755926
12192	122.4564	-379.7652	502.2216	0.01551341	0.2204462
12198	125.4237	-376.8471	502.2708	0.1690162	0.3494485
12204	124.2252	-377.9244	502.1497	0.1680692	0.2571553
12210	115.9979	-385.5232	501.5211	0.7366398	0.2288538
12216	116.9343	-384.3929	501.3272	0.6612586	0.1490306
12222	110.5193	-390.6545	501.1737	0.6299954	0.1159668
12228	106.1375	-395.203	501.3405	0.6349966	0.1463082
12234	108.4393	-393.0819	501.5212	0.5205259	0.1609881
12240	120.0022	-381.7128	501.715	0.2410319	0.1423645
12246	113.3415	-388.102	501.4435	0.5952272	0.1602749
12252	118.6372	-383.5741	502.2113	0.1523036	0.2841635
12258	113.4565	-388.6669	502.1234	0.2940761	0.3262456
12264	121.7394	-378.6748	500.4142	1.060459	0.07722884
12270	122.459	-378.1394	500.5984	0.6069788	0.05661256
12276	108.561	-392.0254	500.5863	0.7159292	0.06320044
12282	126.5729	-375.5026	502.0755	0.2653369	0.2700188
12288	126.6496	-375.5044	502.154	0.1590413	0.2546914
12294	122.3283	-379.9714	502.2997	0.1107353	0.3197643
12300	118.7835	-383.0596	501.8431	0.4752052	0.2574763
12306	123.7818	-377.5107	501.2925	0.678177	0.1453214
12312	127.9839	-373.3603	501.3442	0.6264764	0.1453214
12318	128.3344	-373.5573	501.8916	0.1782585	0.1678912
12324	127.7276	-374.0588	501.7864	0.4431306	0.2174741
12330	124.3243	-377.8096	502.1339	0.03609274	0.1964844
12336	126.3012	-375.7031	502.0043	0.3845217	0.3020327
12342	132.2746	-369.6161	501.8907	0.3491839	0.2215392
12348	128.1603	-373.3507	501.5109	0.5465543	0.1647979
12354	125.9873	-375.9401	501.9274	0.347041	0.2361106
12360	124.0626	-377.9872	502.0498	0.224596	0.2361106
12366	120.4817	-381.1399	501.6216	0.5695187	0.2035279
12372	123.7767	-378.113	501.8897	0.1003305	0.1493642
12378	122.5365	-378.5144	501.0509	0.892153	0.1398223
12384	122.199	-379.6919	501.8909	0.1864798	0.1698092
12390	122.0693	-379.5449	501.6142	0.6476371	0.2305969
12396	114.4573	-387.386	501.8433	0.1536407	0.1508493
12402	102.9767	-396.1696	499.1463	1.725307	0.03915613
12408	109.9183	-388.9372	498.8555	1.725307	0.02866774
12414	112.6281	-388.8422	501.4702	0.5836279	0.1639064
12420	117.1657	-384.9986	502.1643	0.2257715	0.302994
12426	116.6069	-385.4851	502.0919	0.2332475	0.2611689
12432	120.5146	-381.6981	502.2127	0.03057338	0.2228912
12438	115.8084	-386.1272	501.9356	0.02689142	0.1436519
12444	122.5901	-379.1334	501.7236	0.4156025	0.1869081
12450	114.4781	-387.2498	501.7279	0.5150838	0.2227794
12456	114.5525	-387.3203	501.8728	0.1538055	0.1574583
12462	113.8728	-388.3928	502.2656	0.138656	0.3144256
12468	117.8948	-383.5763	501.4711	0.7154733	0.2019869
12474	119.9637	-382.305	502.2687	0.09590921	0.2848225
12480	117.4032	-384.7157	502.1189	0.2807192	0.3105896
12486	111.9317	-390.4903	502.422	0.05953412	0.4171745
12492	121.619	-380.5	502.1191	0.04650434	0.1950652
12498	113.6323	-388.4964	502.1286	0.02921095	0.192625
12504	119.727	-381.9435	501.6705	0.6602772	0.2642479
12510	116.7803	-385.3825	502.1628	0.167967	0.2642479
12516	109.1443	-392.9704	502.1147	0.2142486	0.2632459
12522	109.7855	-392.1563	501.9418	0.4184215	0.2819399
12528	106.8019	-395.2428	502.0447	0.3155041	0.2819399
12534	121.3922	-380.6661	502.0583	0.3110218	0.2880197
12540	123.6467	-378.0855	501.7322	0.414127	0.1890661
12546	130.9765	-371.413	502.3895	0.007237316	0.3082117
12552	102.7053	-398.3959	501.1012	0.868369	0.1450916
12558	113.0581	-387.9828	501.0408	0.928702	0.1450916
12564	127.313	-372.8657	500.1786	1.111115	0.0623028
12570	111.9084	-389.2503	501.1587	0.8973999	0.1644641
12576	104.3465	-397.9839	502.3303	0.1623311	0.4550071
12582	110.2811	-391.8849	502.166	0.1865479	0.2770912
12588	108.6463	-393.6826	502.329	0.06787778	0.3083107
12594	120.5186	-380.5919	501.1104	0.8129305	0.1360638
12600	106.322	-393.338	499.66	1.398986	0.04807525
12606	104.5244	-396.4052	500.9296	0.9360165	0.1258224
12612	114.6963	-387.3753	502.0716	0.2731537	0.2723696
12618	107.9685	-394.1942	502.1627	0.0627948	0.2159444
12624	124.1927	-376.885	501.0777	0.755797	0.1205805
12630	119.1975	-382.7205	501.918	0.2254469	0.1881873
12636	122.5618	-378.2929	500.8548	1.012832	0.1261595
12642	127.6785	-373.1978	500.8763	0.9912627	0.1261595
12648	115.8178	-384.7823	500.6001	0.8964591	0.07925809
12654	121.6146	-379.1947	500.8093	0.9115173	0.1042723
12660	118.4778	-382.4414	500.9192	0.9115173	0.1201377
12666	118.6606	-382.2894	500.95	0.9115173	0.1251451
12672	128.6574	-372.2926	500.95	0.9115173	0.1251451
12678	132.3554	-368.4526	500.8081	0.9115173	0.1041072
12684	119.1038	-382.233	501.3368	0.6633852	0.1515458
12690	127.2428	-373.5476	500.7904	0.9709382	0.109794
12696	123.4011	-376.8602	500.2612	1.296504	0.08527792
12702	121.7366	-378.8071	500.5437	1.168418	0.1031328
12708	119.0319	-382.9308	501.9627	0.3577712	0.2586224
12714	115.8733	-386.0108	501.884	0.171517	0.1643204
12720	122.4799	-379.4092	501.8891	0.2667928	0.192026
12726	124.1609	-377.9325	502.0934	0.2396267	0.2655331
12732	120.0551	-379.9984	500.0535	1.309376	0.06776108
12738	116.6698	-384.227	500.8969	0.7447072	0.09445621
12744	120.3673	-381.3407	501.708	0.5541169	0.2307291
12750	103.269	-397.7761	501.0451	0.8532498	0.1314911
12756	108.3853	-392.4483	500.8336	1.175013	0.1534092
12762	123.4198	-378.2783	501.6982	0.5267632	0.2157295
12768	126.3818	-375.7825	502.1643	0.1838771	0.2744362
12774	126.7362	-375.3265	502.0627	0.0978118	0.1934735
12780	121.5295	-380.7893	502.3188	0.03923565	0.2805816
12786	121.0371	-380.9808	502.0179	0.4663205	0.4242738
12792	118.2663	-384.1951	502.4614	0.005636035	0.3874007
12798	118.2983	-383.9151	502.2134	0.1199387	0.2657016
12804	114.0087	-387.6761	501.6848	0.2994782	0.1481386
12810	120.3151	-380.7788	501.0939	0.6351718	0.1053637
12816	118.3329	-383.6362	501.9692	0.3171654	0.2415458
12822	117.6897	-383.9052	501.5949	0.4668149	0.1658482
12828	110.1941	-392.1537	502.3478	0.05892635	0.316509
12834	113.9814	-388.0168	501.9981	0.007266288	0.1526935
12840	119.0638	-382.2994	501.3632	0.6698554	0.1589481
12846	132.3636	-368.9996	501.3632	0.6698554	0.1589481
12852	131.5211	-370.5278	502.0489	0.2065723	0.2279201
12858	127.8095	-373.5105	501.32	0.5732279	0.1305798
12864	126.7914	-374.9491	501.7405	0.3804661	0.1815853
12870	122.4045	-379.3499	501.7543	0.3340854	0.1726752
12876	117.5156	-383.9227	501.4383	0.408971	0.1227937
12882	120.885	-379.5466	500.4315	1.097821	0.08241725
12888	113.3796	-387.0885	500.4681	1.150834	0.09186693
12894	121.0406	-379.5355	500.5761	1.150834	0.1050753
12900	118.0754	-383.2744	501.3498	0.7805594	0.1843178
12906	118.9868	-382.6139	501.6007	0.6209452	0.2145051
12912	114.4665	-387.2998	501.7664	0.5666383	0.2655074
12918	123.4044	-378.6358	502.0402	0.2927783	0.2655074
12924	128.6061	-373.3802	501.9863	0.06330312	0.1628681
12930	111.3847	-390.2682	501.6528	0.3779942	0.1584295
12936	112.0061	-389.8506	501.8567	0.5262309	0.2976166
12942	128.5827	-373.4417	502.0243	0.2182046	0.2225965
12948	120.7538	-381.1081	501.8619	0.4430917	0.2505784
12954	128.2428	-373.8245	502.0673	0.2716486	0.2689267
12960	119.4488	-382.383	501.8318	0.5917629	0.332067
12966	119.5401	-382.6497	502.1898	0.04744878	0.2205054
12972	129.2096	-373.1162	502.3258	0.1057348	0.3402554
12978	120.4249	-382.0015	502.4264	0.04198272	0.3896932
12984	122.0883	-380.3211	502.4093	0.02592787	0.3442889
12990	117.8426	-384.3529	502.1955	0.2397268	0.3442889
12996	113.0575	-389.2466	502.3041	0.1232505	0.3358741
13002	113.7875	-387.8057	501.5932	0.3728478	0.1443783
13008	107.7761	-394.0181	501.7943	0.4410109	0.2197233
13014	99.57382	-402.5631	502.1369	0.1953577	0.2651044
13020	107.9508	-393.9199	501.8706	0.3818219	0.2266369
13026	101.4806	-400.5807	502.0613	0.4091313	0.3934532
13032	114.9755	-387.0421	502.0176	0.413647	0.3399137
13038	106.3808	-395.7835	502.1643	0.231488	0.3074611
13044	103.3892	-398.6369	502.0261	0.1738892	0.2065972
13050	122.2588	-380.0815	502.3402	0.05791409	0.3093622
13056	111.6472	-390.6032	502.2504	0.1093548	0.2816546
13062	114.0227	-387.9917	502.0144	0.1543434	0.1960789
13068	113.9485	-388.1053	502.0538	0.07357174	0.1834456
13074	107.2624	-394.267	501.5294	0.7610816	0.2435049
13080	109.7712	-392.2102	501.9814	0.3256571	0.251628
13086	112.5558	-389.5662	502.122	0.181698	0.2499374
13092	108.6467	-393.2188	501.8655	0.09917123	0.1440924
13098	116.1013	-385.783	501.8843	0.3691983	0.227077
13104	121.1844	-380.8808	502.0652	0.2445145	0.2529889
13110	114.5827	-386.903	501.4857	0.5994757	0.171817
13116	111.979	-390.2313	502.2103	0.1431363	0.2776455
13122	112.0484	-389.7992	501.8477	0.4450429	0.2445633
13128	105.1586	-396.1597	501.3183	0.4985246	0.1179629
13134	105.4144	-396.1212	501.5356	0.5965952	0.1848528
13140	110.3289	-391.0222	501.351	0.5965952	0.1407082
13146	116.0263	-386.301	502.3273	0.1484241	0.4039386
13152	121.2345	-381.0543	502.2888	0.05078403	0.2693175
13158	111.876	-390.2555	502.1315	0.2081319	0.2693175
13164	122.9201	-377.3844	500.3045	1.087381	0.07008529
13170	118.3431	-382.8435	501.1866	0.8548427	0.1609287
13176	128.3309	-372.1736	500.5044	0.9463417	0.07508253
13182	129.8249	-369.9383	499.7632	1.418856	0.05514779
13188	125.8408	-373.4794	499.3202	1.447937	0.03501569
13194	113.2953	-385.3573	498.6527	1.758623	0.02397148
13200	116.8151	-382.8629	499.678	1.293021	0.04364027
13206	116.2222	-384.4203	500.6425	0.9884612	0.09322713
13212	113.7118	-387.1993	500.9111	0.8825099	0.1144571
13218	118.5254	-382.9157	501.4411	0.709956	0.1905166
13224	125.8892	-375.6958	501.5849	0.6503402	0.2197241
13230	124.0512	-377.8174	501.8686	0.2992871	0.1957954
13236	121.7862	-379.8563	501.6425	0.4041332	0.1621644
13242	115.4707	-386.276	501.7467	0.3962919	0.1880587
13248	125.6655	-376.231	501.8966	0.09513209	0.1497222
13254	126.9819	-375.2347	502.2166	0.1015914	0.2574145
13260	122.0671	-380.0963	502.1635	0.2340855	0.3088972
13266	122.6689	-379.2798	501.9486	0.4489288	0.3088972
13272	118.0498	-383.0851	501.1349	0.7305665	0.1258074
13278	119.8423	-381.2034	501.0457	0.7305665	0.1119088
13284	117.8809	-383.1087	500.9896	0.9845766	0.1460336
13290	120.3226	-381.4472	501.7698	0.4748653	0.2234523
13296	124.267	-376.4807	500.7476	0.9728907	0.1042337
13302	107.3674	-394.906	502.2734	0.1938546	0.3878074
13308	105.9304	-395.9708	501.9011	0.2998737	0.2069754
13314	110.3135	-391.9527	502.2662	0.1355268	0.3123071
13320	116.0232	-385.9407	501.9638	0.3230591	0.2418097
13326	111.337	-390.1281	501.465	0.7893911	0.2274637
13332	117.3294	-383.5463	500.8757	0.734953	0.090938
13338	116.5234	-385.2147	501.7381	0.5909891	0.2633016
13344	119.2998	-382.4962	501.796	0.4598825	0.2280764
13350	123.5775	-377.3974	500.9749	0.7943853	0.1109158
13356	125.0148	-375.6144	500.6292	1.140085	0.1109158
13362	105.7779	-394.8008	500.5787	1.20246	0.1126273
13368	118.8898	-381.3649	500.2548	1.20246	0.07565569
13374	118.1551	-384.0699	502.225	0.1490834	0.2913003
13380	116.485	-385.3242	501.8092	0.5316056	0.2700205
13386	118.1512	-383.9198	502.071	0.2805913	0.2764996
13392	108.9232	-393.4267	502.35	0.09695102	0.3580208
13398	107.2438	-394.6533	501.8971	0.5209167	0.3267178
13404	112.567	-389.2364	501.8033	0.4368776	0.2216728
13410	126.163	-376.1624	502.3254	0.02140249	0.2736123
13416	124.8587	-377.5365	502.3952	0.06598294	0.3779279
13422	129.9189	-371.6481	501.567	0.551092	0.1807895
13428	125.4728	-376.1759	501.6487	0.4693851	0.1807895
13434	129.1695	-371.9693	501.1388	0.7056267	0.1223353
13440	129.4688	-371.0078	500.4766	0.9193574	0.07041915
13446	119.3389	-381.6242	500.9631	1.008004	0.1454188
13452	124.0936	-377.3712	501.4648	0.6231145	0.1725405
13458	121.6488	-380.5842	502.233	0.0679276	0.2485451
13464	129.445	-372.7283	502.1734	0.1275087	0.2485451
13470	125.7567	-376.1466	501.9033	0.1840565	0.1723895
13476	119.2737	-382.584	501.8577	0.4235017	0.2391609
13482	125.6584	-376.4398	502.0982	0.2120223	0.2532597
13488	119.549	-382.4455	501.9945	0.3157817	0.2532597
13494	114.5869	-387.0256	501.6125	0.5442414	0.1922604
13500	121.1038	-380.8995	502.0033	0.3178475	0.2589688
13506	120.4135	-381.6211	502.0346	0.327313	0.2830711
13512	115.0694	-387.1329	502.2023	0.1596349	0.2830711
13518	122.5681	-378.7458	501.3139	0.6406597	0.1420725
13524	117.7828	-383.9607	501.7435	0.4357448	0.1995363
13530	123.9786	-377.979	501.9577	0.4357448	0.3055704
13536	119.5081	-382.5411	502.0493	0.2236444	0.2354265
13542	122.5184	-379.6685	502.1869	0.08604844	0.2354265
13548	125.2126	-376.88	502.0925	0.2836482	0.2927405
13554	127.2332	-374.1088	501.342	0.7599007	0.1762752
13560	115.8981	-386.2755	502.1737	0.2678779	0.3514535
13566	109.6113	-392.1943	501.8056	0.5467711	0.2769733
13572	123.7309	-378.1918	501.9227	0.4382403	0.2824332
13578	119.7436	-382.1791	501.9227	0.4382403	0.2824332
13584	125.3595	-376.305	501.6645	0.4331933	0.1751499
13590	124.1444	-377.3759	501.5203	0.6390169	0.1930958
13596	121.0824	-381.0756	502.158	0.1296652	0.2421508
13602	122.3803	-379.8871	502.2674	0.06452624	0.2649191
13608	103.3148	-399.0293	502.344	0.05999283	0.314225
13614	112.9661	-389.1557	502.1217	0.3164169	0.3475243
13620	110.2865	-392.0108	502.2973	0.06824991	0.2854563
13626	112.538	-389.7317	502.2697	0.09614624	0.2856804
13632	112.2021	-389.8546	502.0567	0.3667455	0.3319578
13638	117.802	-384.2959	502.0978	0.2232993	0.2589667
13644	107.5969	-393.9895	501.5864	0.5880921	0.197961
13650	100.4644	-401.9119	502.3763	0.1126721	0.439506
13656	112.5812	-389.4748	502.056	0.1598729	0.2123477
13662	99.41517	-402.8626	502.2778	0.0995098	0.2935287
13668	101.3297	-400.8356	502.1653	0.2631535	0.3370447
13674	115.0851	-386.4621	501.5472	0.5481238	0.1745169
13680	117.3058	-384.0813	501.3871	0.5698744	0.1425508
13686	124.3505	-377.5705	501.9209	0.3433571	0.2316463
13692	117.9902	-383.5109	501.5011	0.7691564	0.2342559
13698	130.9013	-371.2642	502.1655	0.1247844	0.2434075
13704	126.607	-375.0493	501.6563	0.1740405	0.1200718
13710	117.4935	-384.4164	501.9099	0.1574897	0.167264
13716	125.5661	-375.973	501.5391	0.4840819	0.1566691
13722	123.1779	-377.9311	501.1089	0.834319	0.1398553
13728	121.9274	-379.2577	501.1851	0.8276462	0.1543233
13734	119.806	-381.0951	500.901	0.8276462	0.1053154
13740	116.8605	-384.1755	501.0361	0.8276462	0.1255048
13746	123.9762	-377.1018	501.078	0.6931815	0.1111847
13752	127.7302	-373.0996	500.8298	0.8520617	0.09929051
13758	123.2644	-377.3806	500.645	1.015662	0.09671382
13764	120.7088	-380.4639	501.1727	0.7595689	0.1377451
13770	121.6478	-379.4662	501.114	0.7735908	0.1295959
13776	119.8686	-381.7607	501.6293	0.4156737	0.1617735
13782	118.4156	-383.3034	501.719	0.1625418	0.1285403
13788	116.271	-385.4241	501.6951	0.5079862	0.2077264
13794	124.0594	-376.9062	500.9656	1.065888	0.1585798
13800	114.7039	-387.648	502.3519	0.01746581	0.2880569
13806	116.8644	-384.903	501.7674	0.5216781	0.2428134
13812	116.7886	-385.6062	502.3948	0.02416768	0.3276523
13818	113.7684	-388.6917	502.4601	0.02599044	0.4297538
13824	126.2363	-376.0806	502.3169	0.009477273	0.2618175
13830	130.5159	-371.4399	501.9558	0.2618451	0.2129971
13836	133.7955	-367.8848	501.6803	0.5373797	0.2129971
13842	129.1865	-372.7256	501.9121	0.3105399	0.2148605
13848	119.4204	-382.6751	502.0955	0.3111053	0.3164498
13854	116.2593	-385.9594	502.2187	0.1844003	0.3134863
13860	116.4563	-385.533	501.9893	0.3527246	0.2707571
13866	105.0422	-396.7453	501.7875	0.55454	0.2707571
13872	109.8275	-392.3521	502.1796	0.303321	0.420902
13878	111.3072	-390.8258	502.1331	0.01423491	0.1893678
13884	115.7839	-386.2692	502.0531	0.2532525	0.2512922
13890	123.0701	-378.6979	501.7679	0.4424755	0.2103423
13896	111.7479	-389.9662	501.7141	0.5422475	0.2282796
13902	116.242	-385.1197	501.3618	0.5861602	0.1407621
13908	112.8334	-388.8388	501.6722	0.511441	0.2009784
13914	122.436	-379.5956	502.0315	0.2060568	0.2206296
13920	120.8091	-380.3995	501.2086	0.6370427	0.1225245
13926	116.0509	-384.5894	500.6403	1.008268	0.09527572
13932	116.6558	-385.424	502.0798	0.1483099	0.2169539
13938	116.8701	-384.2783	501.1484	0.9773712	0.1829775
13944	114.598	-387.4236	502.0216	0.388778	0.319748
13950	112.4387	-389.1597	501.5984	0.4300482	0.1578836
13956	112.8443	-388.9283	501.7726	0.5656261	0.2685314
13962	102.5505	-399.4637	502.0142	0.1263606	0.1873387
13968	111.4518	-389.8217	501.2735	0.6183102	0.1303337
13974	116.9119	-384.0618	500.9737	0.7154091	0.1001974
13980	117.2628	-384.1487	501.4115	0.5768857	0.1490199
13986	116.8412	-384.3615	501.2027	0.5768857	0.1123982
13992	123.1336	-378.0626	501.1963	0.5643884	0.1096918
13998	121.8615	-379.5921	501.4536	0.6316962	0.1718517
14004	120.0224	-381.8162	501.8386	0.4275925	0.2324881
14010	121.0246	-381.1957	502.2203	0.04593643	0.2324881
14016	122.6759	-378.9673	501.6432	0.4031543	0.1621037
14022	114.2435	-387.7492	501.9927	0.3686966	0.2827279
14028	112.3698	-389.4089	501.7788	0.5014079	0.2386962
14034	119.4004	-382.5919	501.9923	0.08989085	0.1710494
14040	127.5933	-374.6039	502.1972	0.2165493	0.3227971
14046	127.2728	-374.8376	502.1103	0.1750672	0.2411125
14052	118.3163	-383.4082	501.7245	0.604641	0.2633458
14058	119.8764	-381.8419	501.7183	0.3970519	0.1800167
14064	97.69117	-403.6332	501.3244	0.8267263	0.1905189
14070	112.2448	-389.3171	501.5619	0.6236266	0.201617
14076	113.4466	-387.6593	501.1059	0.8224657	0.1370004
14082	121.4788	-379.8379	501.3167	0.8431555	0.1932623
14088	118.4182	-382.5685	500.9868	0.7280971	0.1034896
14094	119.7676	-381.7402	501.5077	0.5376471	0.1618647
14100	124.4985	-377.3177	501.8162	0.49012	0.251249
14106	119.0589	-381.9048	500.9638	0.9163666	0.1282991
14112	122.8854	-378.3443	501.2297	0.8643973	0.1741797
14118	119.7603	-381.1444	500.9047	1.004056	0.1333628
14124	120.7926	-380.112	500.9047	1.004056	0.1333628
14130	122.2455	-378.4422	500.6877	1.004056	0.1005337
14136	124.6491	-376.4995	501.1486	0.963038	0.1789556
14142	121.8813	-379.2673	501.1486	0.963038	0.1789556
14148	122.0114	-379.2085	501.22	0.963038	0.2007738
14154	118.3024	-384.0169	502.3193	0.1477285	0.387412
14160	118.2021	-383.352	501.5541	0.6155441	0.1963783
14166	121.2075	-380.5357	501.7432	0.3000008	0.1613438
14172	121.6012	-380.3874	501.9885	0.3292819	0.2572065
14178	121.9189	-380.137	502.0558	0.3405133	0.3079173
14184	118.1169	-383.928	502.045	0.2668734	0.2540667
14190	111.9939	-388.2103	500.2042	0.9104814	0.05114425
14196	118.0172	-382.3607	500.378	1.12556	0.07991638
14202	110.2883	-391.1307	501.419	0.7796568	0.206163
14208	111.2718	-390.0349	501.3067	0.7007156	0.1531357
14214	107.0016	-394.4569	501.4585	0.7007156	0.1930423
14220	114.1882	-387.3698	501.558	0.6869356	0.2235684
14226	103.8146	-397.902	501.7167	0.6115879	0.2628551
14232	110.1055	-391.9652	502.0707	0.1351343	0.2086942
14238	114.1395	-387.8329	501.9724	0.4307118	0.3134758
14244	117.1105	-384.9153	502.0258	0.3773089	0.3134758
14250	117.5826	-384.7188	502.3014	0.07113798	0.290225
14256	110.1937	-391.8488	502.0426	0.001001885	0.1614267
14262	117.9051	-384.483	502.3881	0.03464778	0.3312881
14268	120.1689	-381.0392	501.2081	0.7542904	0.1436379
14274	104.9691	-396.0355	501.0046	0.8555331	0.1249114
14280	118.564	-383.4727	502.0366	0.3036482	0.2696998
14286	117.5597	-384.0959	501.6556	0.6781341	0.2659565
14292	116.0712	-385.4814	501.5525	0.4233186	0.1463899
14298	112.8527	-389.1349	501.9876	0.3166163	0.2502033
14304	112.0031	-390.2096	502.2127	0.08607485	0.2475047
14310	108.7339	-393.57	502.3039	0.05285152	0.2797479
14316	119.4926	-382.7097	502.2023	0.1188443	0.2589976
14322	117.5768	-384.091	501.6678	0.5174856	0.2015418
14328	120.645	-380.7741	501.419	0.6080053	0.1575543
14334	117.0905	-383.9125	501.003	0.7752628	0.1122056
14340	112.5461	-388.596	501.1421	0.8958422	0.1601008
14346	117.7297	-384.1775	501.9072	0.4355439	0.2711614
14352	113.5582	-388.3532	501.9114	0.1368695	0.1625565
14358	113.5565	-388.7622	502.3186	0.04497975	0.2841725
14364	118.5959	-383.6444	502.2403	0.2330879	0.399102
14370	114.6975	-386.9176	501.6151	0.4580747	0.1687278
14376	117.6302	-383.924	501.5542	0.6197871	0.1977912
14382	122.287	-379.8602	502.1472	0.2338058	0.2961977
14388	110.1271	-391.7443	501.8713	0.2904664	0.1938698
14394	112.9614	-388.7805	501.7419	0.3792354	0.1816483
14400	117.1126	-385.2821	502.3947	0.01630718	0.3202761
14406	120.9267	-381.3251	502.2518	0.05691486	0.252475
14412	123.3096	-378.2597	501.5692	0.5012908	0.1680434
14418	116.2585	-385.613	501.8715	0.4894061	0.2824124
14424	114.3963	-387.6017	501.998	0.3628773	0.2824124
14430	117.3165	-384.4943	501.8108	0.3837307	0.2047021
14436	114.2902	-387.173	501.4632	0.6381472	0.1761237
14442	110.2435	-391.1854	501.4289	0.6723982	0.1761237
14448	128.4624	-372.8799	501.3422	0.7356798	0.1699305
14454	115.4244	-385.2859	500.7103	0.9299828	0.09430484
14460	129.0778	-372.374	501.4518	0.4433402	0.1309289
14466	126.1625	-376.1287	502.2912	0.07824964	0.2881141
14472	116.0563	-386.3073	502.3636	0.005924503	0.2881141
14478	114.4348	-387.9026	502.3374	0.0009850658	0.2685916
14484	122.21	-378.5237	500.7337	1.14223	0.1275695
14490	108.6962	-392.6992	501.3954	0.7417619	0.1863102
14496	109.2724	-392.2533	501.5257	0.6375765	0.1943341
14502	120.3823	-381.7587	502.141	0.2763703	0.3260697
14508	110.5218	-391.5269	502.0488	0.3685854	0.3260697
14514	115.2192	-385.9283	501.1475	0.9526756	0.1758123
14520	110.8275	-389.5572	500.3846	1.289544	0.09834953
14526	112.9763	-388.2889	501.2652	0.910669	0.1983907
14532	122.8105	-378.3679	501.1784	0.7767975	0.1422081
14538	119.8474	-381.3988	501.2462	0.7518716	0.1510869
14544	129.016	-372.3544	501.3704	0.6876714	0.1649502
14550	129.0656	-372.9239	501.9895	0.2560487	0.2238065
14556	123.6626	-378.3272	501.9898	0.08183589	0.1683324
14562	115.6975	-385.7643	501.4618	0.4896792	0.1414597
14568	127.7139	-373.2409	500.9548	0.9967057	0.1414597
14574	123.3352	-378.7153	502.0504	0.3218821	0.29005
14580	117.0673	-384.9073	501.9746	0.3218821	0.2463595
14586	117.5047	-384.6807	502.1853	0.1194949	0.2505038
14592	130.3659	-371.3839	501.7498	0.5192064	0.2337068
14598	114.6857	-387.4821	502.1679	0.1199886	0.2422588
14604	129.1646	-372.3049	501.4695	0.6530593	0.1820521
14610	126.4741	-375.5665	502.0405	0.3906572	0.3398466
14616	129.7043	-371.9616	501.6659	0.4905079	0.1921768
14622	125.1386	-377.1397	502.2783	0.1426898	0.329545
14628	113.9254	-388.2483	502.1738	0.04016561	0.2116273
14634	108.4261	-393.4644	501.8905	0.2630407	0.1912801
14640	117.2645	-384.8534	502.118	0.1467264	0.2318251
14646	111.4916	-390.6772	502.1688	0.09587156	0.2318251
14652	112.7791	-388.3286	501.1077	0.5240235	0.09331543
14658	116.8911	-384.4228	501.3139	0.7337071	0.1623946
14664	122.5761	-379.4403	502.0164	0.2435756	0.2298173
14670	118.8267	-383.1002	501.9269	0.2740718	0.2069542
14676	121.0745	-381.0294	502.1039	0.3518105	0.3697863
14682	127.7762	-373.9182	501.6944	0.4878905	0.2005492
14688	128.3891	-372.6523	501.0414	0.6927466	0.106045
14694	125.8769	-375.0909	500.9678	0.7786875	0.10773
14700	122.0513	-378.3403	500.3917	1.117157	0.08042503
14706	117.3111	-384.769	502.08	0.4015391	0.4172969
14712	119.9165	-382.0508	501.9673	0.4015391	0.2876619
14718	109.4124	-392.9144	502.3268	0.155271	0.4186136
14724	116.5565	-385.3574	501.9139	0.4875059	0.3120431
14730	107.3425	-394.4258	501.7683	0.5175041	0.2412985
14736	109.9883	-392.0346	502.0228	0.2629682	0.2412985
14742	113.1649	-388.9377	502.1026	0.1814318	0.2404936
14748	119.9471	-382.1464	502.0935	0.1906019	0.2404936
14754	111.5177	-390.4559	501.9736	0.3882588	0.2830129
14760	115.852	-386.1171	501.9691	0.2426901	0.2108259
14766	124.2895	-377.4941	501.7835	0.474831	0.2291203
14772	123.8425	-378.1978	502.0403	0.2794218	0.258207
14778	120.0132	-381.9921	502.0053	0.2050248	0.2102964
14784	108.4413	-393.723	502.1642	0.1861999	0.2757973
14790	117.4252	-384.3963	501.8216	0.5543499	0.2925683
14796	119.9573	-381.1465	501.1038	0.7226068	0.1194586
14802	118.7926	-383.0778	501.8704	0.4077003	0.237755
14808	124.3085	-377.0789	501.3874	0.5800506	0.1446652
14814	124.0856	-378.1182	502.2038	0.1039012	0.2519662
14820	127.1814	-374.9027	502.0841	0.2466991	0.2642845
14826	128.0639	-374.0819	502.1457	0.2508689	0.3081077
14832	133.4668	-368.7522	502.2191	0.1221903	0.2702901
14838	120.3911	-381.3294	501.7204	0.4835215	0.2080191
14844	132.6342	-368.9578	501.592	0.3713535	0.1438408
14850	119.7021	-381.486	501.1881	0.8087901	0.1508318
14856	125.3604	-376.4594	501.8198	0.3791183	0.2062228
14862	125.5277	-376.4012	501.9289	0.1978515	0.1832545
14868	127.0139	-374.5962	501.6101	0.5094883	0.1811992
14874	127.7281	-373.7673	501.4954	0.6132603	0.1781357
14880	128.5045	-373.1076	501.6122	0.4948145	0.177678
14886	129.2176	-372.826	502.0435	0.3229322	0.2860744
14892	113.985	-388.3252	502.3103	0.1275899	0.3471803
14898	120.7432	-380.9316	501.6748	0.4974181	0.1972077
14904	121.3233	-380.0484	501.3717	0.6279098	0.1514217
14910	123.8877	-377.5746	501.4623	0.6279098	0.1731468
14916	123.5299	-378.4672	501.9971	0.08051792	0.1698544
14922	104.4043	-396.7341	501.1384	1.028721	0.1955759
14928	111.6779	-389.3321	501.0101	0.6974047	0.1025304
14934	113.9833	-387.5123	501.4956	0.7121337	0.2093842
14940	116.8569	-384.373	501.2298	0.6708754	0.1319189
14946	120.6403	-380.3096	500.9499	0.7623494	0.1031525
14952	124.8848	-376.822	501.7068	0.5862217	0.2446989
14958	126.4941	-375.1088	501.6029	0.4732502	0.1694734
14964	127.6727	-374.1147	501.7875	0.3710156	0.1928207
14970	124.0778	-377.5158	501.5936	0.4114933	0.1526212
14976	116.0923	-386.0065	502.0988	0.3598995	0.3741762
14982	116.0029	-385.9165	501.9194	0.3598995	0.2382981
14988	109.2544	-392.6788	501.9331	0.3361451	0.2338277
14994	109.9021	-391.5827	501.4848	0.7333663	0.2131811
15000	112.8253	-388.6582	501.4836	0.5689727	0.163586
15006	112.6242	-388.4513	501.0755	0.7004766	0.1118747
15012	110.8611	-390.9767	501.8379	0.4091814	0.2244259
15018	103.7541	-398.0094	501.7635	0.4130409	0.1986436
15024	108.795	-392.8304	501.6253	0.5178543	0.1881178
15030	111.0394	-390.162	501.2013	0.8422515	0.1614342
15036	117.5797	-384.4505	502.0302	0.05348835	0.1714369
15042	110.9509	-390.8023	501.7531	0.5432117	0.2463094
15048	110.6722	-391.4302	502.1024	0.3403053	0.3528655
15054	125.5468	-375.9713	501.5181	0.5684892	0.1721971
15060	119.3856	-382.3553	501.7408	0.601471	0.270895
15066	114.1114	-387.159	501.2704	0.7857256	0.1644626
15072	116.3415	-385.8618	502.2034	0.1103608	0.2550582
15078	120.9276	-381.4652	502.3928	0.02019042	0.3221022
15084	119.8143	-382.5479	502.3622	0.0482308	0.3197453
15090	111.0933	-391.2952	502.3885	0.03690992	0.3338892
15096	110.7415	-391.4801	502.2217	0.07295189	0.2454836
15102	113.2839	-387.7918	501.0757	0.9858899	0.1658049
15108	123.1125	-378.2995	501.412	0.7785539	0.2033218
15114	113.6181	-388.1296	501.7478	0.4410345	0.2027445
15120	104.3208	-397.2603	501.5811	0.6602978	0.2221523
15126	111.6528	-389.8392	501.492	0.5589375	0.1631971
15132	115.7493	-386.518	502.2673	0.01328433	0.2388855
15138	115.1993	-386.489	501.6883	0.3491753	0.1599854
15144	107.1121	-393.9414	501.0536	0.7165187	0.1110261
15150	113.265	-388.6756	501.9406	0.3190235	0.2296466
15156	110.1902	-391.1044	501.2945	0.813538	0.1779827
15162	110.1915	-390.5686	500.7601	0.813538	0.08692962
15168	121.0942	-380.8804	501.9746	0.3884083	0.2838022
15174	106.7548	-395.3947	502.1494	0.2136186	0.2838022
15180	114.7651	-387.3652	502.1303	0.1578311	0.2424007
15186	119.8361	-381.516	501.3521	0.6906745	0.16125
15192	123.1825	-377.9853	501.1678	0.8749945	0.16125
15198	127.4471	-373.6949	501.142	0.7665429	0.1333304
