Iteration	Posterior	Likelihood	Prior	rate_log_sd	tree_length
0	122.6166	-379.4296	502.0462	0.1175103	0.1944738
6	120.0758	-381.9974	502.0732	0.1937787	0.2328284
12	118.1465	-384.1095	502.256	0.1221717	0.294154
18	119.1978	-382.4687	501.6665	0.5191612	0.2016784
24	116.131	-385.2249	501.356	0.8187187	0.1980187
30	116.0306	-385.9487	501.9792	0.3989705	0.2941842
36	125.2797	-376.3378	501.6175	0.4993447	0.1804331
42	130.9911	-370.8558	501.8469	0.265131	0.1790879
48	126.1218	-375.7021	501.824	0.1806674	0.1525271
54	131.1962	-370.1334	501.3296	0.5964175	0.136557
60	123.6957	-376.676	500.3717	1.178004	0.08446119
66	116.874	-383.1754	500.0495	1.178004	0.05804284
72	126.7592	-373.2766	500.0357	1.300818	0.06573687
78	125.7901	-374.908	500.6982	0.8172158	0.08105478
84	124.4305	-377.182	501.6124	0.6869457	0.2477902
90	128.511	-371.6152	500.1262	1.095461	0.05766351
96	122.4465	-378.0232	500.4697	1.095461	0.08604395
102	117.723	-382.7984	500.5213	1.095461	0.09162299
108	122.2357	-378.2369	500.4726	1.095461	0.08635085
114	113.6102	-386.9186	500.5288	1.095461	0.09246064
120	115.146	-384.791	499.937	1.522218	0.07583387
126	111.849	-387.5387	499.3877	1.729504	0.05128619
132	113.5919	-385.9149	499.5068	1.371167	0.03942598
138	115.319	-385.5326	500.8516	0.6761183	0.08225975
144	118.7458	-382.5648	501.3106	0.6761183	0.1486568
150	117.7576	-383.6273	501.385	0.6761183	0.1656821
156	116.5591	-385.6405	502.1997	0.2192301	0.3275594
162	120.3425	-381.4951	501.8376	0.2741705	0.1789932
168	126.5235	-374.9103	501.4338	0.677945	0.1789932
174	121.3835	-380.111	501.4945	0.6172509	0.1789932
180	116.0302	-385.2569	501.2871	0.7803248	0.167278
186	127.4606	-374.5761	502.0367	0.1948954	0.2182789
192	125.9986	-376.1015	502.1001	0.1314369	0.2182789
198	118.4835	-383.6612	502.1447	0.2604157	0.3151142
204	123.3938	-378.0086	501.4024	0.5902712	0.1499306
210	118.6742	-382.5778	501.252	0.6374578	0.1299245
216	113.1355	-388.6274	501.763	0.5729283	0.2671674
222	114.911	-386.1912	501.1022	0.6605377	0.1099832
228	118.8567	-382.2523	501.109	0.9180193	0.1575491
234	122.3352	-379.3983	501.7335	0.4416846	0.1981848
240	119.2606	-382.473	501.7335	0.4416846	0.1981848
246	118.2269	-383.2164	501.4433	0.5586192	0.1519228
252	115.2504	-386.3781	501.6284	0.5847055	0.2113293
258	122.6001	-379.612	502.2121	0.1067327	0.2577495
264	129.4239	-372.7989	502.2228	0.0167753	0.221427
270	124.5548	-377.7624	502.3171	0.004172628	0.2590651
276	117.2359	-385.1197	502.3556	0.01272612	0.2873202
282	121.8268	-380.3958	502.2227	0.09736608	0.2583765
288	115.5431	-385.6946	501.2376	0.8058606	0.1614139
294	111.2104	-390.9757	502.1861	0.1408099	0.2621122
300	115.4851	-386.4873	501.9724	0.4718097	0.3546299
306	116.5387	-385.6478	502.1865	0.308999	0.4734531
312	101.9321	-400.4572	502.3893	0.1076208	0.5022548
318	111.5675	-390.8533	502.4208	0.003734488	0.3330196
324	108.9753	-393.1901	502.1654	0.2591325	0.3330196
330	112.3544	-389.6666	502.021	0.3231534	0.2720009
336	112.7324	-389.0513	501.7837	0.4596829	0.2229312
342	117.8335	-384.6065	502.44	0.01648672	0.3708682
348	104.3387	-397.3118	501.6504	0.4251636	0.169343
354	115.8761	-385.8908	501.7668	0.5051773	0.2350274
360	115.7737	-386.4274	502.2011	0.07000334	0.2346414
366	114.0573	-387.6745	501.7317	0.2340674	0.1443311
372	117.9734	-383.6862	501.6596	0.306178	0.1443311
378	111.2332	-389.51	500.7432	0.8437864	0.08835521
384	113.9528	-388.0366	501.9894	0.2393805	0.2171866
390	109.1027	-392.1124	501.2151	0.8591362	0.1689928
396	111.1513	-391.0236	502.1749	0.2793324	0.3677573
402	108.9814	-392.638	501.6193	0.5324958	0.1907532
408	106.0152	-395.5009	501.5161	0.5324958	0.1626249
414	104.9663	-396.5541	501.5204	0.5281753	0.1626249
420	108.0883	-392.7561	500.8443	0.9323294	0.1119735
426	103.1332	-398.3711	501.5044	0.7283141	0.2187042
432	109.603	-391.7337	501.3367	0.713174	0.1629516
438	112.1823	-388.8296	501.0118	0.913129	0.1363617
444	115.4508	-385.415	500.8659	0.9607821	0.1194939
450	112.4054	-388.888	501.2934	0.5332792	0.1194939
456	110.325	-390.7254	501.0504	0.8734528	0.1361583
462	102.2648	-398.8788	501.1436	0.8734528	0.1552818
468	101.2196	-399.924	501.1436	0.8734528	0.1552818
474	104.5648	-396.5788	501.1436	0.8734528	0.1552818
480	115.7771	-385.4438	501.2209	0.8283882	0.1628058
486	117.305	-384.6215	501.9265	0.3952843	0.2592926
492	116.6015	-385.7844	502.3859	0.09460257	0.4146448
498	117.3849	-384.8587	502.2436	0.2520584	0.4744733
504	99.03603	-401.6879	500.724	0.9408153	0.09720503
510	112.8269	-388.9662	501.793	0.4367178	0.2175696
516	118.9686	-382.479	501.4476	0.5070906	0.1420939
522	119.4805	-381.4582	500.9388	0.8228005	0.1098201
528	122.1368	-379.2949	501.4317	0.6133383	0.1617822
534	124.065	-377.037	501.1021	0.8649051	0.1445677
540	121.1438	-380.5126	501.6564	0.5522305	0.2096954
546	112.2661	-389.429	501.6951	0.5135546	0.2096954
552	109.0578	-392.7402	501.798	0.4214291	0.2136687
558	112.4366	-389.4441	501.8807	0.1765718	0.1647392
564	111.7469	-390.1539	501.9008	0.2690792	0.1964434
570	115.9008	-385.9712	501.8719	0.1840794	0.1644338
576	117.9447	-383.2393	501.184	0.8719828	0.1644338
582	117.3854	-383.9443	501.3297	0.7263113	0.1644338
588	104.6981	-396.9962	501.6942	0.6215757	0.2561311
594	101.1493	-400.1239	501.2732	0.7557207	0.1579991
600	109.8527	-391.0205	500.8732	1.007061	0.1283158
606	118.2879	-383.2588	501.5467	0.5654116	0.179107
612	106.3199	-394.3293	500.6492	0.8220707	0.07691756
618	108.0286	-394.0869	502.1155	0.1748412	0.2434415
624	112.3593	-389.6007	501.96	0.4964064	0.3707291
630	116.7644	-384.9761	501.7405	0.4964064	0.2203601
636	111.424	-390.0003	501.4243	0.6254985	0.1629311
642	108.1475	-392.5496	500.6971	0.9794798	0.09863962
648	99.43905	-401.7106	501.1497	0.8281717	0.1467995
654	105.388	-395.8827	501.2707	0.6426834	0.1342142
660	111.9253	-389.6297	501.555	0.6426834	0.2058164
666	118.5977	-382.3624	500.96	0.7733519	0.1059457
672	114.1542	-387.4605	501.6147	0.7201102	0.2665481
678	113.3591	-388.6002	501.9593	0.4303806	0.3026647
684	120.4979	-381.5316	502.0296	0.3600785	0.3026647
690	127.3529	-374.5918	501.9447	0.4055247	0.275677
696	119.4437	-382.8473	502.291	0.06461966	0.2790389
702	118.6503	-382.8384	501.4887	0.7425804	0.2181483
708	110.4293	-391.2468	501.6761	0.7006606	0.2931702
714	113.6542	-387.8123	501.4665	0.5980617	0.1665408
720	109.6794	-391.3514	501.0308	0.6362632	0.09748054
726	118.2095	-382.3551	500.5646	1.142219	0.1024508
732	119.0801	-381.1424	500.2225	1.142219	0.06791154
738	121.8619	-380.1776	502.0396	0.2419404	0.2393041
744	128.1217	-373.1373	501.259	0.7464999	0.1527128
750	120.8367	-380.5113	501.348	0.7979082	0.1889303
756	127.2039	-374.8858	502.0897	0.188326	0.237721
762	124.4455	-377.1332	501.5786	0.6824988	0.2302922
768	114.0339	-387.7424	501.7763	0.4068094	0.2008199
774	117.0458	-383.9533	500.9992	0.778855	0.1121657
780	113.1172	-388.7915	501.9087	0.3840437	0.2445877
786	115.4872	-386.2615	501.7487	0.3652373	0.1796079
792	112.7537	-389.3726	502.1263	0.2437472	0.288485
798	114.8503	-386.5113	501.3616	0.792002	0.1912964
804	113.4916	-387.9768	501.4684	0.5211835	0.1492728
810	93.04901	-408.8152	501.8642	0.4189905	0.2400788
816	92.62487	-409.0612	501.6861	0.5971059	0.2400788
822	109.4053	-392.5169	501.9221	0.3328038	0.2276757
828	108.1014	-393.895	501.9964	0.3723577	0.2876159
834	120.5381	-381.5983	502.1364	0.003322159	0.1870782
840	117.1286	-385.2729	502.4015	0.005063527	0.3163858
846	119.5879	-382.803	502.391	0.01559576	0.3163858
852	119.7988	-382.5154	502.3142	0.1802386	0.4653755
858	120.8509	-381.2191	502.0701	0.381254	0.363716
864	118.562	-383.4106	501.9727	0.3072051	0.2385653
870	118.9157	-382.3732	501.2889	0.8903101	0.1995154
876	112.1032	-388.8264	500.9296	0.8700891	0.1153548
882	122.7339	-378.3868	501.1207	0.8700891	0.1495356
888	116.4727	-384.6871	501.1599	0.9769993	0.1862195
894	123.9257	-377.988	501.9137	0.4519068	0.2855001
900	120.8743	-381.3487	502.223	0.1286011	0.276495
906	118.8127	-383.4406	502.2534	0.01356919	0.2327922
912	115.2114	-386.9866	502.1981	0.2384485	0.3456916
918	119.4525	-382.7516	502.2041	0.1694821	0.2909465
924	121.3931	-380.8246	502.2177	0.1558795	0.2909465
930	121.6624	-380.6388	502.3012	0.1652689	0.3864167
936	120.5018	-381.7898	502.2916	0.05818903	0.2753729
942	109.1611	-392.7173	501.8785	0.4712542	0.2753729
948	114.9565	-387.1374	502.094	0.3491559	0.3533436
954	114.3607	-387.4806	501.8414	0.2410215	0.1710974
960	123.0065	-379.0983	502.1048	0.3261167	0.3396132
966	122.8024	-379.5938	502.3962	0.03470033	0.3396132
972	117.3794	-384.8953	502.2747	0.1561996	0.3396132
978	109.1675	-392.3077	501.4752	0.4266523	0.1321145
984	114.2867	-386.8891	501.1757	0.8730303	0.1626727
990	106.3329	-394.412	500.7449	1.122865	0.1261827
996	115.2092	-385.5455	500.7547	1.039039	0.1144669
1002	104.003	-396.4695	500.4725	1.321172	0.1144669
1008	112.7252	-387.5052	500.2304	1.321172	0.08464644
1014	110.9991	-391.0479	502.047	0.2414543	0.2425472
1020	108.1979	-393.8185	502.0164	0.3178386	0.2662358
1026	104.0759	-398.0209	502.0968	0.3643785	0.3778664
1032	106.7706	-395.5834	502.3539	0.1072243	0.3778664
1038	110.1332	-392.2707	502.4039	0.05732123	0.3778664
1044	109.1843	-393.286	502.4702	0.008482424	0.4104378
1050	110.6062	-391.145	501.7513	0.3304847	0.1709322
1056	107.8953	-394.277	502.1723	0.1963561	0.2875251
1062	113.5924	-387.7794	501.3718	0.6375397	0.1535594
1068	111.9619	-390.1265	502.0883	0.4015617	0.4428431
1074	107.4164	-394.2085	501.6248	0.6295256	0.2274358
1080	110.9683	-391.1467	502.1149	0.2117029	0.2619522
1086	111.0157	-390.8073	501.823	0.503646	0.2619522
1092	105.7949	-396.5432	502.3381	0.04772521	0.2997299
1098	114.2968	-387.8529	502.1497	0.2380624	0.3012067
1104	113.5529	-388.6638	502.2167	0.1634651	0.2956065
1110	111.3802	-390.8944	502.2745	0.1416211	0.324953
1116	97.16381	-405.0222	502.186	0.2586647	0.355216
1122	105.9177	-395.9869	501.9046	0.3525387	0.2285996
1128	112.5805	-389.4522	502.0327	0.3005896	0.2656729
1134	94.62932	-407.0424	501.6718	0.5503983	0.2146845
1140	106.1455	-395.0144	501.16	1.014692	0.198008
1146	107.003	-395.2896	502.2926	0.1960438	0.438246
1152	105.8701	-396.5139	502.384	0.1039742	0.43597
1158	112.22	-389.8657	502.0857	0.3400978	0.3342448
1164	111.0105	-390.7593	501.7698	0.3445066	0.1797034
1170	108.5372	-393.2294	501.7665	0.5541914	0.2587557
1176	108.51	-393.8271	502.3371	0.06389196	0.3117115
1182	105.8009	-396.5604	502.3613	0.1195869	0.4155799
1188	109.581	-392.1806	501.7617	0.4315845	0.2042751
1194	118.7632	-382.8364	501.5997	0.5936305	0.2042751
1200	113.3668	-388.9304	502.2972	0.1528832	0.3621201
1206	116.419	-385.821	502.2399	0.02325835	0.2311783
1212	118.2897	-383.5959	501.8856	0.5099445	0.3072813
1218	117.7869	-384.4818	502.2687	0.03880151	0.2518542
1224	126.4512	-375.1203	501.5716	0.5673441	0.1868277
1230	114.8439	-386.8677	501.7115	0.3659028	0.1698108
1236	124.7319	-376.67	501.4018	0.6755871	0.1698108
1242	118.7681	-383.1912	501.9592	0.2011858	0.1934209
1248	115.5616	-386.0603	501.6218	0.508054	0.1841759
1254	117.2303	-384.385	501.6153	0.508054	0.1822769
1260	116.2504	-385.5157	501.7661	0.3846938	0.1904212
1266	110.7938	-391.1313	501.9251	0.3726016	0.246972
1272	114.6674	-387.5829	502.2503	0.05316096	0.2498393
1278	103.1483	-399.1471	502.2954	0.008135642	0.2498393
1284	115.9237	-386.1399	502.0636	0.2398973	0.2498393
1290	126.6632	-375.242	501.9052	0.3111075	0.2125012
1296	124.2282	-376.6618	500.89	0.7983173	0.1000983
1302	124.6329	-376.7457	501.3786	0.6099635	0.149054
1308	107.5266	-393.7741	501.3007	0.6099635	0.1337266
1314	118.1913	-383.7085	501.8998	0.4001245	0.2480459
1320	118.5612	-383.2505	501.8117	0.5213568	0.2655596
1326	117.0967	-384.9332	502.0299	0.3750816	0.3150104
1332	114.8462	-386.929	501.7753	0.5178402	0.2447528
1338	122.4388	-379.3684	501.8071	0.5178402	0.2610521
1344	108.8518	-393.5856	502.4374	0.05612281	0.4594802
1350	100.2626	-401.9968	502.2594	0.2369088	0.4821931
1356	112.0962	-390.1003	502.1966	0.1058237	0.2492819
1362	108.8678	-393.5745	502.4423	0.0462634	0.4379256
1368	103.0404	-399.3505	502.391	0.002404213	0.3055501
1374	97.74759	-404.6976	502.4452	0.02433287	0.3917633
1380	106.0193	-396.2679	502.2872	5.178653e-05	0.2419586
1386	111.5911	-390.8008	502.3918	0.0312158	0.3315472
1392	115.3586	-386.1665	501.5252	0.473364	0.151192
1398	113.4095	-388.8362	502.2457	0.03777137	0.2402255
1404	113.1169	-388.7497	501.8666	0.2976812	0.1946587
1410	120.8279	-381.2116	502.0395	0.2597173	0.2477155
1416	114.8511	-386.6607	501.5118	0.4123555	0.1362133
1422	120.4541	-380.7672	501.2213	0.753087	0.1460913
1428	118.1505	-383.2062	501.3567	0.5773115	0.1380755
1434	116.0709	-385.5253	501.5963	0.5822489	0.1992772
1440	122.839	-379.0016	501.8407	0.4009711	0.2222364
1446	127.289	-375.0363	502.3253	0.1362348	0.3784046
1452	121.7347	-380.4686	502.2034	0.07061718	0.2359043
1458	119.6431	-382.4058	502.0489	0.1604398	0.2099478
1464	123.3335	-378.8554	502.1888	0.1569731	0.2729786
1470	106.0556	-395.4864	501.542	0.6375621	0.1996329
1476	112.9653	-387.9818	500.947	0.9168235	0.1255296
1482	114.1734	-386.7553	500.9288	0.9168235	0.1225201
1488	113.2407	-387.6881	500.9288	0.9168235	0.1225201
1494	120.7353	-380.0068	500.7421	0.8596684	0.08995921
1500	122.3906	-378.0931	500.4837	0.8596684	0.06625651
1506	113.0081	-387.9242	500.9323	0.8596684	0.1142143
1512	118.7759	-382.4363	501.2123	0.6018512	0.1175529
1518	112.9356	-388.2867	501.2222	0.8583722	0.1706276
1524	120.1322	-381.429	501.5612	0.5790829	0.1872378
1530	117.5227	-384.5227	502.0455	0.398506	0.3543807
1536	127.5776	-373.9791	501.5567	0.6297379	0.2019482
1542	115.342	-386.7918	502.1337	0.2039142	0.2681805
1548	107.0511	-394.379	501.4301	0.3645942	0.1146129
1554	112.2591	-389.4057	501.6647	0.5439143	0.2097075
1560	121.1396	-381.0104	502.15	0.1699035	0.2582906
1566	119.2655	-382.8979	502.1635	0.2176362	0.2962697
1572	114.8415	-387.2393	502.0807	0.3199598	0.3114411
1578	111.3032	-390.332	501.6353	0.5442554	0.199612
1584	112.8677	-388.8943	501.7619	0.4500009	0.2108972
1590	108.5468	-393.8712	502.418	0.03936169	0.3720861
1596	116.5946	-384.9508	501.5454	0.6127461	0.1927265
1602	119.2828	-382.2354	501.5183	0.4253671	0.1399252
1608	113.3301	-388.9998	502.3299	0.09781933	0.3362385
1614	117.8222	-384.0739	501.8961	0.1635284	0.1653214
1620	115.2873	-386.4349	501.7222	0.2556119	0.1467929
1626	113.7698	-388.1944	501.9642	0.2969611	0.2303127
1632	120.7828	-380.9571	501.7398	0.473536	0.2114209
1638	113.7258	-388.243	501.9688	0.0600384	0.1579627
1644	124.7433	-377.5173	502.2606	0.02851286	0.2428425
1650	118.2762	-383.9233	502.1995	0.1415641	0.2701874
1656	120.5139	-380.9078	501.4217	0.3667126	0.1136791
1662	122.1941	-380.0607	502.2548	0.1239992	0.2945998
1668	123.252	-378.6281	501.8801	0.305924	0.2017856
1674	116.6512	-385.3057	501.9569	0.1587527	0.1801013
1680	124.6151	-377.5093	502.1244	0.1587527	0.2400733
1686	114.1919	-387.3814	501.5733	0.2105357	0.1130055
1692	114.2531	-387.8997	502.1527	0.2125316	0.2852827
1698	111.0524	-391.1287	502.181	0.01497206	0.2052186
1704	105.9374	-396.3289	502.2663	0.1837274	0.361986
1710	109.5665	-392.3942	501.9607	0.3061387	0.2327392
1716	113.1305	-388.5864	501.7169	0.336985	0.1639058
1722	116.8209	-384.5848	501.4058	0.336985	0.1072162
1728	116.6755	-384.9621	501.6376	0.5192152	0.192307
1734	111.8064	-388.5302	500.3366	1.052985	0.06989961
1740	119.0754	-382.7539	501.8293	0.3722522	0.2071673
1746	114.3767	-387.6817	502.0584	0.2288252	0.2419566
1752	111.1206	-390.7599	501.8805	0.4206148	0.2486307
1758	120.0587	-381.6322	501.6909	0.6101388	0.2486307
1764	121.3525	-380.3224	501.675	0.3328334	0.1532182
1770	102.4211	-400.0482	502.4693	0.01430563	0.4226798
1776	112.3435	-390.033	502.3764	0.03351382	0.3193525
1782	115.7963	-386.5583	502.3546	0.07856285	0.3419504
1788	122.78	-378.3148	501.0948	0.8270314	0.1357767
1794	122.1741	-379.0813	501.2553	0.7853506	0.1607439
1800	121.0124	-380.898	501.9104	0.1699626	0.1705658
1806	111.326	-391.0287	502.3547	0.04113938	0.3075344
1812	122.4764	-379.7258	502.2022	0.2296378	0.3405963
1818	118.8984	-382.9861	501.8845	0.4072885	0.2441442
1824	124.7108	-377.145	501.8558	0.436008	0.2441442
1830	114.1363	-387.782	501.9182	0.4730159	0.3038876
1836	115.6033	-386.7014	502.3047	0.08654147	0.3038876
1842	109.6563	-392.4444	502.1006	0.1979655	0.2474183
1848	112.108	-390.1829	502.2909	0.08767957	0.2944477
1854	108.7606	-391.6045	500.3651	1.054174	0.07236158
1860	109.0265	-391.3387	500.3651	1.054174	0.07236158
1866	122.5055	-378.4989	501.0044	0.7804055	0.1131552
1872	117.1596	-383.1611	500.3208	1.236815	0.08526499
1878	115.73	-384.981	500.711	1.094635	0.1162581
1884	120.8398	-380.6564	501.4962	0.678802	0.1981335
1890	126.8999	-374.8774	501.7773	0.3977462	0.1981335
1896	120.5391	-381.5952	502.1343	0.3064553	0.3505439
1902	105.937	-396.2492	502.1862	0.1892331	0.2922154
1908	104.9692	-397.4237	502.393	0.01868571	0.3208538
1914	121.272	-379.1779	500.4498	1.156543	0.0904628
1920	118.8607	-381.6449	500.5056	1.15245	0.09639695
1926	117.1276	-383.8831	501.0107	0.9775645	0.1489845
1932	123.346	-377.8852	501.2312	0.6646776	0.1310515
1938	117.7244	-383.9122	501.6366	0.562919	0.2064341
1944	112.2287	-389.3675	501.5963	0.562919	0.193042
1950	114.5379	-387.4448	501.9827	0.1764518	0.193042
1956	125.9648	-376.2632	502.2279	0.1325957	0.2821608
1962	120.922	-381.2341	502.1561	0.2694344	0.3340692
1968	111.5243	-390.4784	502.0027	0.2636447	0.2325389
1974	113.6277	-388.5475	502.1753	0.1022305	0.2374798
1980	106.9204	-395.1919	502.1123	0.1651619	0.2374798
1986	114.4021	-387.7507	502.1527	0.1517296	0.2503215
1992	117.5324	-384.2814	501.8139	0.4906033	0.2503215
1998	116.2789	-384.5181	500.797	0.9799799	0.1120205
2004	109.4551	-392.9239	502.379	0.07589331	0.3686253
2010	121.2166	-380.5784	501.7949	0.3461404	0.1874835
2016	107.4681	-394.6715	502.1395	0.253024	0.3049145
2022	116.4794	-385.5925	502.072	0.2788191	0.2760228
2028	120.3426	-381.3225	501.6651	0.6148449	0.2386002
2034	118.1349	-383.313	501.4479	0.6429372	0.1733122
2040	105.1479	-396.0098	501.1577	0.8349918	0.1499297
2046	113.0528	-388.8265	501.8793	0.1134012	0.1499297
2052	123.0216	-377.959	500.9806	1.055203	0.1596015
2058	120.8884	-380.4756	501.364	0.7165246	0.1706189
2064	126.4441	-374.7236	501.1677	0.697993	0.1258456
2070	128.7523	-372.4549	501.2072	0.8471253	0.1640268
2076	120.1069	-382.2252	502.332	0.04466837	0.2931048
2082	118.6991	-383.2716	501.9707	0.3032571	0.2359103
2088	116.6931	-384.6986	501.3917	0.5147351	0.1329499
2094	119.3142	-381.8684	501.1826	0.843479	0.1573381
2100	111.9738	-389.6911	501.6648	0.5552482	0.2139011
2106	116.8296	-385.0084	501.838	0.3877562	0.2160512
2112	103.81	-397.3125	501.1225	0.6658158	0.1136735
2118	108.9324	-392.4416	501.374	0.4828854	0.1243755
2124	111.1681	-390.8075	501.9756	0.4337215	0.3188207
2130	117.8239	-384.4595	502.2834	0.002524303	0.2413601
2136	117.2902	-385.0622	502.3525	0.02302748	0.2922627
2142	124.1333	-377.9078	502.0411	0.2497756	0.2437096
2148	117.2507	-384.3043	501.5549	0.5996392	0.1916009
2154	120.5846	-381.3657	501.9503	0.153816	0.176896
2160	115.6034	-386.4564	502.0598	0.09360793	0.1912303
2166	128.1422	-373.875	502.0172	0.1361978	0.1912303
2172	125.5138	-376.4018	501.9156	0.2727326	0.2025815
2178	114.7055	-387.0695	501.775	0.4527709	0.2168129
2184	109.2737	-392.166	501.4398	0.6790975	0.1810005
2190	119.853	-381.3816	501.2346	0.8529842	0.172446
2196	123.4158	-378.2264	501.6422	0.5225607	0.1947981
2202	116.7983	-385.2202	502.0185	0.2602712	0.2380515
2208	113.2556	-388.4842	501.7398	0.5389188	0.2380515
2214	119.9659	-381.8006	501.7665	0.5122119	0.2380515
2220	112.2653	-390.0398	502.3051	0.0819675	0.3006989
2226	99.74904	-402.7012	502.4502	0.0450195	0.4713673
2232	108.9366	-392.8064	501.743	0.3658616	0.1782017
2238	107.3186	-394.3456	501.6642	0.6142562	0.2379298
2244	116.241	-385.7129	501.954	0.3245271	0.2379298
2250	103.9933	-397.3004	501.2937	0.9634019	0.2285962
2256	112.4486	-389.3879	501.8365	0.35743	0.2044834
2262	104.4037	-396.8866	501.2903	0.7332101	0.1567499
2268	104.0329	-397.1876	501.2205	0.7748347	0.1505109
2274	98.81483	-402.6388	501.4536	0.7342514	0.2024279
2280	104.6604	-395.9183	500.5787	1.037125	0.09150891
2286	115.7935	-385.32	501.1135	0.8406493	0.1420001
2292	121.4692	-379.8905	501.3597	0.7357194	0.1745372
2298	123.5871	-378.7104	502.2975	0.1469426	0.355
2304	128.2431	-373.2407	501.4838	0.5065665	0.1494459
2310	121.36	-380.3672	501.7272	0.5065665	0.2191474
2316	122.3522	-379.7064	502.0586	0.2088297	0.2330135
2322	124.1109	-377.1236	501.2345	1.08289	0.2569696
2328	118.7736	-382.5164	501.29	0.6568073	0.1405505
2334	115.4155	-386.2317	501.6471	0.6568073	0.2500579
2340	113.9558	-387.3053	501.2611	0.9064487	0.1956938
2346	112.9146	-389.264	502.1786	0.06749357	0.2240164
2352	114.6452	-387.4232	502.0684	0.2902516	0.2809686
2358	121.4717	-380.651	502.1226	0.1440996	0.2327051
2364	118.3373	-383.3381	501.6753	0.5556578	0.218053
2370	120.9276	-381.3239	502.2515	0.1836921	0.3442081
2376	119.292	-382.5171	501.8091	0.3882436	0.2056998
2382	118.2675	-383.8185	502.086	0.3544877	0.3501851
2388	118.9421	-382.8798	501.8219	0.3296034	0.1906586
2394	117.996	-383.1087	501.1048	1.046326	0.1905283
2400	114.9299	-386.2192	501.1491	0.7008219	0.123232
2406	117.4676	-383.9071	501.3747	0.6941805	0.1676357
2412	113.452	-387.6777	501.1297	0.6234497	0.1086434
2418	93.49771	-406.9967	500.4944	1.237609	0.1057544
2424	94.76046	-406.5873	501.3478	0.6514927	0.1513589
2430	99.96457	-401.8864	501.851	0.4484165	0.2478123
2436	104.2226	-397.8318	502.0544	0.3288271	0.2978651
2442	99.79734	-400.4929	500.2902	1.165109	0.07548354
2448	104.6642	-397.2838	501.948	0.2017192	0.1900949
2454	111.8541	-390.4435	502.2976	0.01744328	0.255724
2460	118.9732	-383.338	502.3112	0.0704244	0.2966192
2466	117.2709	-383.1853	500.4562	0.9993866	0.07550697
2472	110.7219	-389.634	500.3558	1.09975	0.07550697
2478	121.2147	-378.7591	499.9737	1.335121	0.06367973
2484	117.0728	-384.1797	501.2524	0.8951826	0.1894607
2490	113.6141	-388.72	502.3341	0.04009618	0.2913521
2496	113.8029	-387.8191	501.6221	0.4650761	0.1723344
2502	119.6135	-382.2208	501.8343	0.4215971	0.2280851
2508	115.8604	-385.2076	501.0679	0.950453	0.1555875
2514	114.5117	-387.4482	501.9599	0.401566	0.2827826
2520	101.9833	-399.5495	501.5328	0.6516107	0.2012607
2526	107.6606	-393.9648	501.6253	0.7465004	0.2897172
2532	113.5966	-386.8097	500.4063	0.9752951	0.0692493
2538	112.8239	-387.7017	500.5257	1.196639	0.1044689
2544	113.9648	-387.0992	501.064	0.6171108	0.09919538
2550	110.8271	-390.7543	501.5814	0.6033111	0.2013651
2556	104.7721	-395.9709	500.743	1.199379	0.1396765
2562	117.1658	-384.9252	502.091	0.3295659	0.329148
2568	113.3274	-389.0654	502.3928	0.04653405	0.3488587
2574	114.8426	-387.3726	502.2152	0.265798	0.4159409
2580	115.8193	-386.0849	501.9041	0.3149744	0.2135443
2586	110.9668	-390.6327	501.5995	0.4965551	0.1746964
2592	119.7503	-381.9106	501.6609	0.4965551	0.1924984
2598	120.8473	-380.3131	501.1604	0.7112331	0.1268484
2604	122.5337	-379.049	501.5827	0.6473062	0.2176731
2610	123.5165	-377.925	501.4415	0.3617326	0.1158978
2616	121.2809	-380.1382	501.419	0.8100319	0.2173062
2622	123.4169	-378.0202	501.4371	0.8100319	0.2244642
2628	125.1921	-376.0805	501.2726	0.6814922	0.1419893
2634	129.7363	-371.5742	501.3105	0.8041666	0.179825
2640	125.6659	-376.2789	501.9448	0.1043712	0.1627639
2646	117.3623	-384.4876	501.8499	0.4341005	0.2404643
2652	119.7299	-381.2758	501.0057	0.827409	0.120513
2658	116.35	-385.1323	501.4823	0.827409	0.2529726
2664	119.7515	-381.9298	501.6813	0.4576702	0.1868569
2670	116.5325	-384.3542	500.8866	0.9813257	0.1262201
2676	121.9662	-380.2206	502.1868	0.257154	0.3543196
2682	122.2106	-379.9012	502.1118	0.1038207	0.2122366
2688	113.9907	-388.2995	502.2902	0.1420839	0.3410841
2694	117.1086	-384.7194	501.828	0.4244997	0.2266508
2700	120.3394	-381.6974	502.0369	0.09722792	0.1853999
2706	120.2774	-381.2765	501.5538	0.4562146	0.1537118
2712	120.5731	-380.7394	501.3125	0.6558466	0.1448529
2718	130.2844	-371.1786	501.4629	0.7243737	0.2022301
2724	130.221	-371.4864	501.7074	0.5789906	0.2415893
2730	122.97	-379.4469	502.4169	0.07637864	0.5443062
2736	121.6014	-380.7898	502.3912	0.05975572	0.3632244
2742	121.8037	-380.327	502.1307	0.297624	0.3368836
2748	116.2036	-386.0312	502.2347	0.1360374	0.2889908
2754	121.921	-380.2598	502.1808	0.07552732	0.228245
2760	123.0591	-378.8822	501.9413	0.4537635	0.306866
2766	121.77	-380.5552	502.3251	0.1080938	0.3420588
2772	117.6126	-384.6749	502.2874	0.1768906	0.3828908
2778	123.2836	-378.7997	502.0834	0.3359265	0.3279057
2784	129.1349	-372.8066	501.9414	0.1216944	0.1661923
2790	129.8042	-371.8603	501.6644	0.4546618	0.181071
2796	121.7242	-380.2308	501.9549	0.2578419	0.211195
2802	122.9387	-379.4962	502.4349	0.03218028	0.3874456
2808	123.4887	-378.5857	502.0744	0.2938984	0.2873293
2814	123.4732	-378.408	501.8812	0.1918789	0.1687073
2820	121.4577	-380.8756	502.3333	0.02624706	0.2815353
2826	123.9038	-378.0957	501.9994	0.2550143	0.2274652
2832	128.0296	-374.3342	502.3638	0.03772109	0.3121355
2838	121.4387	-380.8336	502.2722	0.05069666	0.2599274
2844	124.2384	-377.163	501.4013	0.810291	0.2107862
2850	122.4696	-378.9164	501.386	0.6485207	0.1592838
2856	122.3584	-378.8869	501.2453	0.7668963	0.1541982
2862	121.1893	-380.7221	501.9114	0.3356955	0.2244565
2868	121.8479	-379.9095	501.7573	0.3326455	0.1730889
2874	118.8136	-382.4872	501.3009	0.8979551	0.2062016
2880	122.4489	-378.7513	501.2002	0.8697282	0.1678916
2886	116.554	-385.2832	501.8372	0.4848064	0.2594401
2892	126.9404	-374.4909	501.4313	0.5490383	0.1473211
2898	125.876	-375.9883	501.8643	0.4077511	0.235033
2904	127.1917	-374.8477	502.0394	0.3366484	0.2926653
2910	120.6938	-381.1575	501.8512	0.3847867	0.2200143
2916	120.9268	-381.1484	502.0753	0.04552582	0.1815446
2922	121.0621	-381.3769	502.4391	0.006650085	0.3565217
2928	122.6361	-379.0812	501.7173	0.3711694	0.1726816
2934	112.6869	-389.0802	501.7671	0.4449928	0.2109423
2940	99.9048	-402.3561	502.2609	0.1504989	0.3206376
2946	102.1135	-399.5485	501.662	0.5861363	0.2248637
2952	105.0323	-397.2922	502.3244	0.03902873	0.2840762
2958	107.3425	-394.857	502.1995	0.09072231	0.2433589
2964	105.929	-396.048	501.977	0.206016	0.2007883
2970	119.5264	-381.9003	501.4267	0.8035904	0.2177882
2976	112.105	-388.6362	500.7412	0.8035904	0.08396369
2982	115.067	-386.2611	501.3281	0.7197937	0.1624736
2988	112.4618	-388.6384	501.1002	0.9016313	0.1519097
2994	114.0651	-387.8597	501.9248	0.3548417	0.2384709
3000	112.1671	-389.8059	501.973	0.3523599	0.2612731
3006	96.70111	-404.9717	501.6728	0.5540418	0.2164675
3012	111.4077	-390.4435	501.8512	0.4964043	0.2740895
3018	104.1268	-397.3531	501.4799	0.4964043	0.1464891
3024	114.8127	-386.2206	501.0333	0.9520664	0.1483722
3030	123.4058	-377.3762	500.782	0.9520664	0.1060363
3036	116.0455	-384.703	500.7485	0.9520664	0.1016475
3042	120.6475	-380.782	501.4295	0.6500432	0.1703442
3048	119.3022	-382.4061	501.7084	0.3958908	0.1769267
3054	117.7029	-383.185	500.8879	1.032739	0.1355614
3060	112.4442	-389.7399	502.1841	0.243649	0.3363231
3066	100.3982	-401.2464	501.6446	0.492894	0.1864095
3072	105.3994	-396.1426	501.542	0.5481312	0.1731184
3078	109.3705	-392.3447	501.7152	0.4036739	0.180996
3084	106.779	-393.9196	500.6985	0.9248546	0.09236487
3090	105.2599	-396.4637	501.7237	0.5048616	0.2171117
3096	110.7118	-390.2984	501.0102	0.8188836	0.1198769
3102	115.6375	-385.9929	501.6303	0.6920135	0.2596107
3108	120.9624	-380.7065	501.6689	0.5908721	0.2297313
3114	112.2583	-388.9316	501.1899	0.78348	0.1458712
3120	108.0155	-393.5594	501.5749	0.4906556	0.1668106
3126	107.4471	-393.6206	501.0678	0.9096525	0.1467133
3132	103.8033	-397.221	501.0243	0.9096525	0.1380639
3138	109.2601	-392.0355	501.2956	0.8203638	0.180191
3144	104.3139	-396.7895	501.1033	0.9693443	0.1685992
3150	115.8543	-384.9358	500.7901	1.0058	0.1147945
3156	111.5835	-390.5423	502.1258	0.2310321	0.2797728
3162	106.1096	-395.7476	501.8572	0.2753869	0.1849614
3168	102.4041	-399.6458	502.0499	0.3634121	0.3223475
3174	103.9347	-398.4526	502.3873	0.01893968	0.3161362
3180	112.4578	-389.7231	502.181	0.1933125	0.2914075
3186	110.1038	-391.4538	501.5576	0.6207733	0.1992181
3192	115.9614	-386.0559	502.0173	0.1927587	0.2102019
3198	122.6671	-378.526	501.1932	0.714596	0.1331952
3204	120.9013	-380.823	501.7242	0.5434726	0.2331304
3210	114.3747	-387.3278	501.7026	0.5441646	0.2242916
3216	119.5837	-382.1602	501.7439	0.5538911	0.2470301
3222	112.0942	-389.6497	501.7439	0.5538911	0.2470301
3228	116.9827	-385.2886	502.2712	0.02656608	0.2470301
3234	126.6388	-375.7174	502.3561	0.006875462	0.2837852
3240	121.5896	-380.1544	501.7441	0.105526	0.1231692
3246	133.9334	-367.9659	501.8993	0.4525725	0.2767067
3252	131.1003	-371.1955	502.2958	0.1055893	0.3119773
3258	126.1285	-375.6315	501.76	0.6206747	0.295961
3264	128.6768	-373.243	501.9198	0.2749364	0.2047949
3270	119.3253	-382.5411	501.8664	0.3667795	0.2189103
3276	126.7524	-375.066	501.8183	0.2114585	0.1581962
3282	112.0211	-389.5657	501.5868	0.4430041	0.1581962
3288	117.3786	-384.418	501.7966	0.3221356	0.1809728
3294	120.601	-381.366	501.967	0.358748	0.2614645
3300	122.7681	-379.0677	501.8358	0.5238138	0.2815608
3306	115.511	-386.2933	501.8043	0.5665965	0.2890728
3312	115.7042	-386.5084	502.2126	0.2803008	0.4562128
3318	112.4235	-389.3618	501.7853	0.3169458	0.1763849
3324	102.003	-400.0234	502.0264	0.3508559	0.2935011
3330	106.5705	-395.245	501.8154	0.3740768	0.2029761
3336	104.1282	-397.6153	501.7435	0.5229868	0.2325994
3342	110.5568	-391.1963	501.7531	0.5909314	0.2719016
3348	119.5325	-381.8397	501.3723	0.7512526	0.1823284
3354	117.5984	-383.6373	501.2356	0.8071594	0.1612396
3360	118.4599	-382.8775	501.3374	0.8071594	0.1885174
3366	122.4909	-379.6968	502.1877	0.1086075	0.2462803
3372	115.8782	-386.4083	502.2864	0.03023717	0.2566004
3378	111.3857	-391.0262	502.4119	0.02610537	0.347324
3384	114.3242	-388.1098	502.434	0.004007075	0.347324
3390	124.7877	-377.4158	502.2035	0.03565527	0.2212354
3396	121.5216	-380.7198	502.2414	0.01054239	0.2264282
3402	114.8874	-387.4239	502.3114	0.01656204	0.2626781
3408	117.8533	-384.2519	502.1052	0.04127142	0.1891111
3414	118.0883	-383.1927	501.281	0.7148985	0.1506125
3420	120.0287	-381.2212	501.2499	0.7459615	0.1506125
3426	122.0971	-379.1477	501.2448	0.7659515	0.1538675
3432	113.8563	-387.6261	501.4824	0.3574377	0.1215943
3438	114.2538	-388.1242	502.378	0.005629623	0.298146
3444	123.1982	-378.8576	502.0558	0.2002061	0.2281431
3450	106.5938	-395.3657	501.9595	0.3685365	0.2627409
3456	116.0238	-385.5078	501.5316	0.4914424	0.156636
3462	119.93	-382.3881	502.3181	0.07609049	0.3062211
3468	113.0627	-389.1826	502.2453	0.05877991	0.2501293
3474	121.817	-380.5298	502.3468	0.1201077	0.3871867
3480	111.2937	-390.8244	502.1181	0.07479968	0.2041439
3486	114.3635	-387.4585	501.822	0.4714845	0.2449218
3492	122.7401	-378.7587	501.4987	0.7705053	0.2338078
3498	124.2753	-377.5257	501.801	0.4063134	0.2092068
3504	106.7796	-394.8536	501.6332	0.3657398	0.1512883
3510	114.0986	-387.5803	501.6789	0.5315519	0.2103637
3516	106.3589	-395.9257	502.2847	0.1120039	0.3081612
3522	114.0546	-387.9676	502.0222	0.3353114	0.280225
3528	119.6242	-382.3749	501.9992	0.4578739	0.3717022
3534	121.8471	-380.3806	502.2277	0.05852887	0.241506
3540	119.5747	-382.7965	502.3712	0.125428	0.4866297
3546	115.4541	-386.7314	502.1855	0.3095837	0.5313385
3552	124.3388	-378.0467	502.3855	0.07315668	0.3740111
3558	128.6973	-373.1963	501.8936	0.3341174	0.2167737
3564	114.4285	-387.5422	501.9706	0.4677853	0.3478161
3570	121.8739	-379.9626	501.8365	0.4216733	0.2290413
3576	123.4417	-377.6258	501.0675	0.924539	0.149794
3582	127.7248	-374.3222	502.047	0.1684437	0.212178
3588	121.657	-380.7329	502.3899	0.06243669	0.3651384
3594	122.4973	-379.3866	501.8839	0.476994	0.2824262
3600	111.3476	-390.8034	502.151	0.2519809	0.3133221
3606	116.0807	-385.4279	501.5086	0.4931943	0.1519026
3612	118.4135	-383.5881	502.0016	0.4724884	0.4005628
3618	118.8341	-383.1411	501.9753	0.2857407	0.230242
3624	115.9747	-385.5919	501.5666	0.6590672	0.21601
3630	111.2842	-390.4334	501.7176	0.6176931	0.2668204
3636	109.6622	-391.7961	501.4582	0.6176931	0.1694291
3642	118.1207	-383.2947	501.4154	0.7486967	0.1945857
3648	119.5791	-382.7446	502.3237	0.1215891	0.3559656
3654	120.1706	-381.4531	501.6237	0.3796623	0.1522404
3660	117.1706	-384.1128	501.2834	0.7265186	0.1536951
3666	118.6495	-383.4323	502.0818	0.2148543	0.2464623
3672	103.3647	-397.4636	500.8283	1.14357	0.1455578
3678	113.5294	-388.5025	502.0318	0.3788582	0.3200059
3684	111.3163	-390.1954	501.5118	0.706319	0.2131562
3690	114.6197	-386.8454	501.4651	0.6209309	0.1720357
3696	109.7407	-391.3868	501.1275	0.9392327	0.1670933
3702	120.9141	-381.0377	501.9518	0.3078822	0.229678
3708	124.7648	-377.5024	502.2672	0.04516053	0.2543465
3714	126.5395	-375.6529	502.1924	0.06103296	0.2270374
3720	112.8956	-388.7691	501.6646	0.7321709	0.3082616
3726	119.7877	-382.0644	501.8521	0.2785848	0.1843946
3732	132.4709	-369.0956	501.5665	0.5642	0.1843946
3738	120.7816	-380.8641	501.6457	0.5149272	0.1934997
3744	121.3108	-380.6763	501.9872	0.1236994	0.1787585
3750	120.366	-381.9269	502.2929	0.07299307	0.2857
3756	124.1552	-377.2998	501.455	0.5964489	0.1633253
3762	127.7295	-373.9712	501.7007	0.4704296	0.1968463
3768	121.6275	-380.762	502.3895	0.06002053	0.3614098
3774	114.1874	-388.0737	502.2611	0.1119309	0.2905443
3780	111.6377	-390.131	501.7687	0.3803012	0.1898958
3786	120.411	-381.1932	501.6042	0.6019466	0.208807
3792	122.0612	-378.433	500.4942	0.9732901	0.07657189
3798	126.7169	-373.999	500.716	1.022617	0.1066438
3804	127.4713	-372.9701	500.4413	1.022617	0.07625638
3810	123.6619	-378.1043	501.7662	0.04791271	0.1175438
3816	123.2083	-378.7338	501.9421	0.3858361	0.2626861
3822	114.5164	-387.0126	501.5291	0.6148891	0.1883495
3828	116.0501	-385.883	501.9331	0.3273826	0.230001
3834	121.284	-380.814	502.098	0.08499594	0.2007879
3840	119.9045	-382.4388	502.3432	0.01739524	0.2822324
3846	124.1855	-378.1403	502.3258	0.03483764	0.2822324
3852	117.9456	-384.167	502.1126	0.1631615	0.236705
3858	115.7365	-385.2656	501.0022	0.9480511	0.1412145
3864	113.7667	-387.471	501.2377	0.6305183	0.1262584
3870	113.7116	-386.6943	500.4058	1.255416	0.09678073
3876	129.3876	-370.9117	500.2992	1.20168	0.07967035
3882	122.6236	-378.2314	500.8549	0.6459725	0.07967035
3888	121.1149	-380.4464	501.5613	0.4713535	0.1588664
3894	125.328	-376.6575	501.9855	0.3129923	0.2473472
3900	121.825	-379.6025	501.4275	0.8298798	0.2287183
3906	127.0891	-374.523	501.6121	0.4613186	0.1687832
3912	128.8656	-373.2244	502.09	0.09115175	0.2001588
3918	121.7507	-380.4726	502.2234	0.196032	0.3280133
3924	121.656	-380.4768	502.1328	0.2963113	0.3377292
3930	122.3846	-379.9381	502.3227	0.1064267	0.3377292
3936	119.1671	-382.6187	501.7857	0.454421	0.2216416
3942	128.6074	-373.7263	502.3337	0.1502056	0.4235108
3948	127.1409	-374.7277	501.8687	0.3283463	0.2055705
3954	129.7936	-372.5148	502.3084	0.05143055	0.2817211
3960	138.6027	-363.6191	502.2218	0.1077488	0.2635486
3966	127.3338	-374.8393	502.173	0.201587	0.2916563
3972	118.8856	-381.8398	500.7254	0.9713558	0.1011586
3978	117.4315	-383.5034	500.935	0.9975048	0.1377811
3984	121.6583	-379.3833	501.0416	0.9975048	0.1603709
3990	121.5448	-379.56	501.1048	0.9343377	0.1603709
3996	118.9485	-382.2174	501.1659	0.8367635	0.1520882
4002	108.4622	-393.0554	501.5176	0.6942395	0.210847
4008	112.9779	-389.2384	502.2163	0.1012857	0.2570661
4014	115.23	-387.0361	502.2661	0.1897235	0.3699841
4020	108.571	-393.055	501.626	0.474513	0.1759139
4026	115.9336	-385.5738	501.5074	0.4296878	0.1386614
4032	116.9853	-384.3119	501.2971	0.6820493	0.1470809
4038	114.2793	-387.834	502.1133	0.1777555	0.2437646
4044	111.7513	-389.5678	501.3191	0.7364412	0.1643208
4050	112.3634	-389.2606	501.6239	0.4548578	0.1701662
4056	101.5732	-400.8219	502.3952	0.03985931	0.3440519
4062	112.0987	-390.3104	502.4091	0.06262689	0.3958814
4068	114.4437	-387.7732	502.2169	0.1668949	0.2982691
4074	113.8781	-388.3031	502.1811	0.1683361	0.2751999
4080	110.6387	-391.4186	502.0573	0.09480232	0.190834
4086	105.6201	-396.2577	501.8778	0.201014	0.1701559
4092	102.0075	-400.3268	502.3342	0.1284892	0.3803074
4098	94.02132	-407.4373	501.4586	0.5920222	0.1631171
4104	102.6572	-398.7226	501.3798	0.7202196	0.1757675
4110	110.0552	-391.2706	501.3258	0.8873288	0.211332
4116	107.2654	-394.7195	501.9849	0.3054737	0.2434547
4122	109.2568	-392.9112	502.168	0.2078144	0.2925116
4128	113.2114	-388.4622	501.6736	0.5512491	0.2156801
4134	123.6855	-378.2265	501.912	0.3967058	0.2524644
4140	114.2903	-387.7936	502.0839	0.07248961	0.1921667
4146	116.0942	-385.9434	502.0376	0.2935507	0.2644537
4152	118.7671	-382.9571	501.7242	0.3078537	0.1587123
4158	125.9026	-375.8848	501.7874	0.5029384	0.2434555
4164	116.1825	-386.1675	502.3499	0.01638075	0.285982
4170	126.8593	-375.3761	502.2353	0.1687563	0.3142627
4176	118.6242	-383.1686	501.7928	0.5150431	0.2520233
4182	121.8968	-377.5455	499.4423	1.666395	0.05080349
4188	120.6218	-378.9747	499.5965	1.562714	0.05374883
4194	125.2395	-374.9681	500.2076	1.157041	0.06790674
4200	113.4625	-386.7019	500.1645	1.200211	0.06790674
4206	108.454	-391.1753	499.6293	1.587965	0.05738094
4212	107.9967	-391.4851	499.4818	1.602789	0.04945936
4218	116.3091	-382.8543	499.1634	1.76625	0.0417085
4224	109.6609	-389.5323	499.1932	1.76625	0.04309015
4230	106.2044	-392.2173	498.4217	1.76625	0.01898362
4236	114.593	-384.2967	498.8897	1.76625	0.03105213
4242	118.0392	-380.5258	498.5649	1.76625	0.02204044
4248	122.974	-376.1499	499.1239	1.848558	0.0437066
4254	119.9351	-379.5993	499.5344	1.514319	0.04753294
4260	114.4407	-386.3186	500.7593	0.779725	0.08338189
4266	104.141	-395.9267	500.0677	1.411967	0.07768437
4272	107.018	-392.9153	499.9332	1.413346	0.06650216
4278	114.3845	-385.9171	500.3016	1.092486	0.07026222
4284	109.0503	-391.6246	500.6749	1.009046	0.09955376
4290	122.2165	-378.3646	500.581	0.8258377	0.07131735
4296	122.0414	-379.5996	501.641	0.3578184	0.1512484
4302	119.6633	-381.5734	501.2367	0.5491567	0.1133029
4308	113.8213	-388.1974	502.0187	0.3272123	0.2730186
4314	121.5505	-380.4223	501.9727	0.2370088	0.2100982
4320	113.9017	-388.2692	502.1709	0.0360964	0.2091008
4326	125.6244	-374.9147	500.5391	0.9681693	0.08027503
4332	120.2232	-381.0829	501.3061	0.7835174	0.1729931
4338	116.5326	-384.1077	500.6403	0.8809251	0.08162205
4344	114.4228	-387.0342	501.457	0.4047886	0.1251864
4350	114.2924	-387.8686	502.1611	0.1620728	0.2600554
4356	115.5016	-386.051	501.5527	0.7572537	0.2530859
4362	118.4589	-381.6777	500.1366	1.384841	0.08164568
4368	119.3874	-382.0865	501.4739	0.7419648	0.2123343
4374	114.5811	-387.4886	502.0698	0.268062	0.2682909
4380	104.3235	-397.4057	501.7292	0.3985904	0.1835739
4386	112.6323	-389.6571	502.2894	0.1133865	0.3131822
4392	127.9504	-373.6811	501.6316	0.5187013	0.190266
4398	126.9533	-374.8998	501.8531	0.3707113	0.2153197
4404	122.7439	-379.2678	502.0117	0.3596147	0.289336
4410	111.1451	-390.976	502.1211	0.1990414	0.2584162
4416	115.3297	-386.7092	502.0389	0.02903676	0.1673867
4422	118.8592	-383.4074	502.2665	0.009030972	0.2366154
4428	122.9963	-379.1948	502.1911	0.006465066	0.2057536
4434	125.1847	-377.1029	502.2876	0.009212823	0.2465246
4440	123.6431	-378.6319	502.2751	0.1602734	0.3443535
4446	123.2475	-379.0813	502.3288	0.08200853	0.3200969
4452	115.5008	-385.696	501.1967	0.9554738	0.1908623
4458	109.8503	-392.3598	502.2101	0.2786218	0.4385513
4464	119.0314	-383.2985	502.3299	0.04481431	0.2917054
4470	119.7707	-382.4039	502.1746	0.009038135	0.2009956
4476	122.8791	-378.8559	501.735	0.1324738	0.1261375
4482	123.8375	-378.4003	502.2378	0.05353439	0.2439075
4488	120.6073	-381.216	501.8233	0.1302325	0.1418716
4494	116.78	-385.3184	502.0984	0.372012	0.3934517
4500	123.5322	-378.5014	502.0336	0.3784289	0.3212186
4506	114.0656	-388.0642	502.1298	0.1004152	0.217733
4512	119.746	-382.5787	502.3247	0.03147759	0.2793611
4518	115.6423	-386.3103	501.9526	0.01672673	0.145055
4524	116.5912	-385.5166	502.1079	0.3804241	0.4369237
4530	112.1099	-390.2959	502.4059	0.08238958	0.4369237
4536	117.8027	-384.3825	502.1852	0.1326012	0.2571927
4542	119.8955	-381.8758	501.7713	0.5465071	0.2571927
4548	119.1091	-383.1799	502.289	0.06805979	0.2799632
4554	119.0927	-383.2084	502.3011	0.09603297	0.3085561
4560	122.4329	-379.6871	502.12	0.1797236	0.2479522
4566	125.9658	-375.989	501.9548	0.08684796	0.1609821
4572	124.2532	-376.915	501.1683	0.8489736	0.1553298
4578	122.0092	-379.2412	501.2504	0.6422264	0.1304821
4584	122.1933	-379.7428	501.9361	0.3650567	0.2486639
4590	111.2961	-391.0289	502.325	0.06987041	0.3067277
4596	108.7831	-393.3225	502.1056	0.1382194	0.2231318
4602	114.9742	-387.22	502.1941	0.1414427	0.2669804
4608	122.5954	-379.4206	502.016	0.2290304	0.2236207
4614	118.4342	-383.5077	501.9419	0.4535492	0.3072086
4620	112.0715	-389.5801	501.6516	0.4535492	0.1771824
4626	117.0818	-384.9705	502.0523	0.3011139	0.2776721
4632	126.9574	-375.095	502.0523	0.3011139	0.2776721
4638	113.3489	-388.7035	502.0523	0.3011139	0.2776721
4644	124.4065	-377.0401	501.4466	0.6070341	0.1638435
4650	117.5573	-384.5321	502.0894	0.2580778	0.2739828
4656	118.581	-383.217	501.798	0.4276022	0.2159827
4662	122.1075	-379.7745	501.882	0.3435533	0.2159827
4668	120.247	-381.4033	501.6504	0.4747446	0.182786
4674	114.9393	-386.0334	500.9727	0.8862037	0.1247122
4680	116.3462	-385.2003	501.5466	0.3123829	0.1247122
4686	117.7046	-383.4731	501.1777	0.9393049	0.1804635
4692	124.7711	-377.5319	502.303	0.03771267	0.2699648
4698	118.1578	-383.4174	501.5752	0.2693043	0.1223457
4704	115.4006	-386.2286	501.6292	0.3908505	0.1559509
4710	115.5624	-385.2202	500.7827	0.8225143	0.09033298
4716	119.8117	-381.4685	501.2802	0.7044582	0.1482375
4722	128.3861	-372.8941	501.2802	0.7044582	0.1482375
4728	126.4202	-374.8105	501.2307	0.6477791	0.1280151
4734	126.5516	-374.6302	501.1818	0.7056767	0.1295825
4740	119.004	-382.3204	501.3245	0.7056767	0.1582782
4746	122.1356	-379.4555	501.591	0.534463	0.1828965
4752	123.1638	-378.7203	501.8841	0.3510157	0.2196656
4758	122.5879	-379.5636	502.1515	0.30646	0.373031
4764	121.6501	-380.4426	502.0927	0.2898364	0.2973341
4770	110.7698	-391.1811	501.9509	0.4316702	0.2973341
4776	112.9705	-389.1614	502.1319	0.1971879	0.2632952
4782	112.435	-389.6767	502.1118	0.1283746	0.22164
4788	117.1599	-384.3204	501.4803	0.7365009	0.2126975
4794	122.5128	-379.2516	501.7644	0.3912605	0.1919302
4800	125.1018	-377.0843	502.1862	0.1777409	0.2843644
4806	118.0099	-383.9777	501.9875	0.1377726	0.1828477
4812	120.2726	-381.5885	501.8611	0.2778133	0.1868344
4818	123.2855	-377.9461	501.2317	0.7593038	0.1495629
4824	116.1912	-384.6544	500.8456	0.9110539	0.1091274
4830	121.2268	-379.4678	500.6946	1.062062	0.1091274
4836	111.0973	-390.5243	501.6216	0.649775	0.2347555
4842	107.2951	-392.5606	499.8557	1.394685	0.05957144
4848	118.7012	-381.3555	500.0567	1.394685	0.07513915
4854	123.3013	-378.1043	501.4056	0.6592599	0.1666317
4860	124.8147	-377.0362	501.8508	0.2914496	0.1878403
4866	115.8869	-386.1819	502.0688	0.1546955	0.2151931
4872	115.3127	-386.7936	502.1064	0.1171451	0.2151931
4878	117.6319	-384.2663	501.8982	0.3764443	0.2362017
4884	119.9348	-381.8847	501.8195	0.4115036	0.2180486
4890	118.989	-382.8181	501.8072	0.4238046	0.2180486
4896	122.9157	-378.0404	500.9561	0.9219625	0.1279461
4902	114.7639	-386.2637	501.0276	0.850433	0.1279461
4908	123.1945	-377.7832	500.9777	0.9003867	0.1279461
4914	110.9417	-390.5379	501.4796	0.7652474	0.2235207
4920	121.8505	-380.2297	502.0802	0.1646524	0.2235207
4926	119.0903	-382.8156	501.9059	0.4192275	0.2611466
4932	112.6537	-389.391	502.0447	0.1851059	0.2175879
4938	113.4262	-388.7585	502.1848	0.2037223	0.3017704
4944	117.8185	-384.0252	501.8436	0.2152778	0.1651508
4950	120.8787	-381.4327	502.3114	0.1099161	0.3298669
4956	117.7234	-383.1201	500.8435	1.016518	0.1248937
4962	117.7208	-383.2626	500.9834	0.8766594	0.1248937
4968	119.0326	-381.7353	500.7678	0.9692451	0.1064425
4974	128.8582	-373.3766	502.2348	0.0261664	0.2302078
4980	129.6297	-372.4071	502.0368	0.2163542	0.2269324
4986	126.648	-375.3043	501.9523	0.2431571	0.2050307
4992	132.968	-368.8684	501.8364	0.3590434	0.2050307
4998	123.2831	-378.5385	501.8216	0.4873555	0.2525777
5004	125.7749	-376.2184	501.9933	0.2830526	0.2369765
5010	122.7465	-379.4803	502.2268	0.05614373	0.2399682
5016	121.7604	-380.5941	502.3545	0.03989566	0.3063848
5022	110.0225	-392.2446	502.2672	0.205179	0.3970569
5028	112.0971	-390.2394	502.3364	0.01842145	0.2785472
5034	113.3075	-388.7759	502.0834	0.2801483	0.284106
5040	104.1462	-397.754	501.9002	0.4279379	0.2627877
5046	113.2508	-388.7825	502.0333	0.3142842	0.2740643
5052	103.9826	-398.0234	502.006	0.3868514	0.3051247
5058	114.9547	-386.8241	501.7788	0.4637121	0.2225802
5064	110.8854	-391.3787	502.2641	0.09833555	0.2834003
5070	121.09	-380.2787	501.3688	0.7512162	0.1813201
5076	122.156	-379.6995	501.8555	0.5307658	0.3000712
5082	125.5553	-375.9914	501.5468	0.6855264	0.2185572
5088	120.2731	-380.5448	500.8179	0.7670682	0.0881399
5094	125.3854	-376.5737	501.9591	0.2081405	0.1956132
5100	117.7112	-384.3892	502.1004	0.196461	0.2465775
5106	126.8585	-374.7934	501.6519	0.3308405	0.1478223
5112	122.6498	-378.4951	501.1449	0.2516994	0.07047054
5118	110.0883	-391.2509	501.3392	0.3618088	0.1017009
5124	122.0358	-379.6389	501.6747	0.5691437	0.2231147
5130	119.2036	-382.4671	501.6708	0.6747062	0.2727745
5136	122.9687	-377.5766	500.5453	0.9418282	0.07837671
5142	115.6277	-385.9594	501.5872	0.5346232	0.18183
5148	117.455	-384.3004	501.7554	0.3663356	0.18183
5154	129.3583	-372.5174	501.8757	0.2617723	0.1863899
5160	122.4991	-379.6286	502.1277	0.1665535	0.2453096
5166	129.8056	-372.2549	502.0605	0.3613935	0.330382
5172	128.638	-372.7667	501.4047	0.665409	0.1679432
5178	125.4968	-376.211	501.7078	0.5754805	0.2401236
5184	122.7649	-378.7887	501.5536	0.5768182	0.1843323
5190	121.7944	-379.7356	501.53	0.7639638	0.2451827
5196	118.6568	-381.7886	500.4454	1.134	0.08754383
5202	117.8949	-382.1224	500.0173	1.332176	0.06672589
5208	119.4513	-381.2763	500.7276	1.190462	0.1350793
5214	117.7953	-383.194	500.9894	0.9287168	0.1350793
5220	117.5659	-384.3391	501.9049	0.2616285	0.1953848
5226	121.2266	-380.7519	501.9785	0.283947	0.2308396
5232	122.3532	-379.5715	501.9247	0.3721277	0.2465659
5238	119.9284	-381.553	501.4815	0.5328309	0.1546675
5244	119.4731	-381.9965	501.4697	0.6115873	0.1707981
5250	122.8479	-377.9527	500.8006	1.009007	0.11686
5256	121.9658	-379.7544	501.7202	0.3202079	0.1606718
5262	133.7569	-368.3286	502.0855	0.2899002	0.2921831
5268	129.5041	-372.0821	501.5862	0.5221819	0.1780661
5274	135.3573	-366.1911	501.5483	0.6486325	0.2055567
5280	132.9049	-369.2278	502.1327	0.2818183	0.3234794
5286	135.8917	-365.3413	501.2331	0.6952838	0.1369993
5292	132.8773	-368.7265	501.6038	0.5303576	0.1854116
5298	123.4076	-378.2835	501.6911	0.3696823	0.1656068
5304	125.5649	-376.3905	501.9554	0.2401731	0.2050659
5310	120.6511	-381.4644	502.1156	0.2528257	0.2873693
5316	115.5183	-385.7673	501.2856	0.7414905	0.157577
5322	104.7091	-396.0478	500.7569	1.079058	0.1209724
5328	120.6045	-380.271	500.8756	0.8588848	0.1060854
5334	119.6176	-380.0693	499.6869	1.448996	0.05236546
5340	123.7953	-377.9943	501.7897	0.2362257	0.1572929
5346	123.2479	-378.297	501.545	0.5423117	0.1723733
5352	119.3064	-382.4491	501.7555	0.2075661	0.1437833
5358	118.3826	-382.3517	500.7343	0.9154457	0.09541311
5364	124.8968	-377.2034	502.1002	0.1418416	0.2223906
5370	118.6463	-383.6645	502.3107	0.06763621	0.2943073
5376	117.8259	-384.4285	502.2544	0.02336582	0.2376073
5382	106.0694	-396.3815	502.4508	0.03696396	0.4353004
5388	121.4142	-380.3463	501.7605	0.3578766	0.1808571
5394	127.2315	-374.9162	502.1477	0.1570488	0.2504596
5400	113.2333	-389.0164	502.2498	0.07798136	0.2625654
5406	105.809	-396.5697	502.3787	0.008875577	0.3010713
5412	112.0442	-390.2403	502.2845	0.02514938	0.2529639
5418	115.8585	-386.3262	502.1847	0.2187832	0.313778
5424	129.4327	-372.7145	502.1473	0.1536693	0.2485652
5430	119.9804	-381.8934	501.8739	0.3346951	0.2096759
5436	116.722	-384.9384	501.6603	0.5192814	0.1996494
5442	119.3567	-382.6296	501.9863	0.3707346	0.2799232
5448	119.096	-382.7282	501.8243	0.3859329	0.2102612
5454	112.6966	-386.1799	498.8765	1.774285	0.03088094
5460	123.2808	-376.1432	499.424	1.381548	0.03645509
5466	122.0509	-377.8505	499.9014	1.381548	0.06181677
5472	129.3262	-371.1345	500.4607	1.205759	0.09740786
5478	130.1153	-369.8215	499.9368	1.205759	0.05275563
5484	129.9837	-370.3141	500.2978	1.205759	0.07992249
5490	121.7741	-378.2039	499.978	1.444998	0.07267592
5496	117.6325	-382.2051	499.8376	1.477061	0.06410533
5502	106.2174	-394.9029	501.1204	0.9079727	0.1578533
5508	103.1425	-398.1094	501.2519	0.6260931	0.1279303
5514	114.8289	-386.5291	501.358	0.6520103	0.1537098
5520	111.8137	-390.3058	502.1195	0.3211608	0.3504059
5526	117.1005	-384.8492	501.9496	0.2238659	0.1976307
5532	120.0995	-381.2336	501.3331	0.7919939	0.1827893
5538	122.3833	-379.5419	501.9252	0.04131426	0.1444823
5544	102.4137	-398.4035	500.8172	1.069924	0.129515
5550	108.1151	-392.6407	500.7558	1.069924	0.1193447
5556	111.5597	-389.2755	500.8352	0.8353525	0.09790758
5562	111.8465	-389.7831	501.6296	0.5290949	0.1928979
5568	118.3226	-383.307	501.6296	0.5290949	0.1928979
5574	108.1693	-393.4544	501.6237	0.6623187	0.2413871
5580	117.2678	-385.0304	502.2981	0.1412233	0.348909
5586	115.0848	-386.7208	501.8057	0.5002048	0.2510277
5592	127.0702	-374.2431	501.3133	0.619032	0.1377501
5598	125.8741	-376.2651	502.1392	0.2657723	0.3150413
5604	119.1184	-382.7807	501.8991	0.2153421	0.179756
5610	120.8132	-381.5471	502.3603	0.05973005	0.3285835
5616	120.6033	-381.4137	502.017	0.1217222	0.186782
5622	125.4436	-376.4663	501.9099	0.2958351	0.2086407
5628	112.602	-388.7937	501.3957	0.6527961	0.1626098
5634	111.5103	-389.7008	501.2111	0.6527961	0.1255449
5640	106.5253	-395.5809	502.1062	0.2500982	0.2794778
5646	108.8485	-393.4062	502.2548	0.1003834	0.2787379
5652	113.4137	-388.8111	502.2248	0.1303961	0.2787379
5658	114.9562	-387.2685	502.2248	0.1303961	0.2787379
5664	118.44	-383.8609	502.3009	0.05423271	0.2787379
5670	127.8542	-373.9837	501.8379	0.2225906	0.1655335
5676	119.0349	-382.8032	501.838	0.3643866	0.2074755
5682	108.5529	-393.2581	501.811	0.3481377	0.193033
5688	112.076	-390.2759	502.3519	0.04647369	0.3095603
5694	102.7251	-399.5372	502.2622	0.1546164	0.3256294
5700	120.2398	-381.6474	501.8872	0.332399	0.213717
5706	119.1252	-382.0589	501.184	1.001738	0.2017144
5712	119.5307	-381.4691	500.9998	0.9418448	0.1395444
5718	120.0858	-382.0094	502.0952	0.2927292	0.3013564
5724	114.6878	-387.2455	501.9332	0.454726	0.3013564
5730	117.5677	-383.3899	500.9577	0.7594372	0.1037873
5736	122.7204	-378.6013	501.3218	0.7594372	0.1707918
5742	124.0946	-377.0299	501.1245	0.7594372	0.1289534
5748	129.1531	-372.535	501.6881	0.3276911	0.1550068
5754	125.3586	-376.1823	501.5409	0.6939656	0.2195581
5760	127.6337	-374.406	502.0397	0.2172339	0.2285059
5766	125.7636	-376.4012	502.1647	0.143822	0.2523833
5772	123.3954	-378.6561	502.0515	0.2206234	0.2350809
5778	123.3941	-378.816	502.2101	0.2100232	0.3287206
5784	109.732	-392.1619	501.8938	0.3047412	0.2061229
5790	115.5025	-386.4198	501.9223	0.3388303	0.2303036
5796	109.9668	-392.1915	502.1584	0.09368298	0.2264737
5802	109.2222	-392.6098	501.8321	0.3962412	0.2170267
5808	122.0854	-380.0065	502.0919	0.2041643	0.246173
5814	123.7848	-378.2552	502.0401	0.2943275	0.26631
5820	117.8033	-383.438	501.2412	0.7052033	0.1404701
5826	115.4685	-386.2844	501.753	0.4926936	0.2238601
5832	113.6643	-387.1577	500.822	1.091681	0.1342798
5838	118.4481	-383.0595	501.5076	0.7128247	0.2140278
5844	123.7445	-378.0453	501.7898	0.4306483	0.2140278
5850	131.1664	-370.9059	502.0722	0.1296119	0.2072705
5856	131.3755	-369.8562	501.2317	0.6415876	0.1271224
5862	123.2016	-378.3684	501.57	0.3619147	0.1376781
5868	126.1451	-376.1337	502.2788	0.1378144	0.3254039
5874	125.5133	-375.999	501.5123	0.5517303	0.1664143
5880	122.726	-379.1309	501.8569	0.219045	0.1694246
5886	125.576	-376.4513	502.0273	0.2551981	0.2397479
5892	119.4626	-382.3287	501.7912	0.2774821	0.1675969
5898	121.6127	-379.7133	501.326	0.7720608	0.1752391
5904	122.9812	-378.8836	501.8648	0.3607043	0.2159591
5910	126.9211	-374.945	501.8661	0.173033	0.1603749
5916	117.5639	-383.5857	501.1495	0.8218802	0.1454736
5922	118.516	-382.959	501.4749	0.4988148	0.1459516
5928	115.1227	-387.0022	502.1249	0.3177055	0.3527055
5934	122.522	-379.1822	501.7042	0.488712	0.2041472
5940	119.4908	-382.3949	501.8858	0.1107194	0.1507485
5946	124.5364	-377.659	502.1954	0.1859931	0.2964653
5952	119.9624	-381.8602	501.8226	0.327775	0.1903156
5958	114.4374	-387.9133	502.3507	0.1035931	0.3677734
5964	111.6111	-390.5595	502.1706	0.02008201	0.2033751
5970	128.6919	-373.4778	502.1697	0.02826447	0.205914
5976	108.2393	-393.9447	502.184	0.3092875	0.4581487
5982	113.3785	-388.4749	501.8534	0.489883	0.271481
5988	125.1567	-376.8725	502.0292	0.2460133	0.2364453
5994	123.9645	-378.1077	502.0723	0.2029099	0.2364453
6000	118.1172	-383.9213	502.0385	0.2366884	0.2364453
6006	112.2067	-389.4269	501.6336	0.6482575	0.2394771
6012	103.2339	-398.8448	502.0787	0.2924775	0.2892463
6018	114.3558	-387.7389	502.0947	0.1547121	0.2253938
6024	110.4114	-391.7313	502.1427	0.119758	0.2308766
6030	108.5964	-393.3358	501.9321	0.2894221	0.2144447
6036	105.6707	-396.5359	502.2066	0.2653863	0.3964286
6042	113.1062	-388.0917	501.198	0.9384395	0.1860859
6048	113.977	-388.1157	502.0926	0.04376225	0.1860859
6054	116.9258	-385.2699	502.1957	0.1348664	0.264157
6060	110.5995	-391.0121	501.6117	0.6135505	0.2158329
6066	114.0866	-387.9965	502.0831	0.1914857	0.2361695
6072	117.7661	-384.279	502.0451	0.2173165	0.2308456
6078	116.8973	-385.5024	502.3998	0.04593475	0.3564961
6084	108.9044	-392.7478	501.6522	0.5299011	0.200476
6090	107.0362	-394.9863	502.0224	0.3854861	0.3175734
6096	104.0132	-397.9479	501.9611	0.4468471	0.3175734
6102	106.0073	-396.3105	502.3178	0.07432602	0.3045745
6108	110.248	-391.6713	501.9193	0.4728643	0.3045745
6114	107.0924	-395.316	502.4084	0.08514233	0.459876
6120	106.831	-394.3028	501.1337	0.8402523	0.146005
6126	118.5597	-382.8958	501.4555	0.8402523	0.2460161
6132	122.8863	-379.2551	502.1414	0.1243435	0.2322708
6138	119.9097	-381.748	501.6577	0.6008547	0.2292139
6144	111.2983	-390.9392	502.2375	0.1595463	0.3084778
6150	113.5918	-387.6936	501.2854	0.8752044	0.1934751
6156	117.8081	-383.2721	501.0802	0.8752044	0.1422485
6162	113.0022	-387.5236	500.5258	1.218874	0.1074818
6168	116.983	-384.1571	501.1401	0.8855518	0.1572363
6174	108.84	-391.6703	500.5103	0.8855518	0.07040613
6180	103.3151	-395.5685	498.8836	1.644808	0.02712029
6186	105.5075	-394.808	500.3155	1.109403	0.07283533
6192	109.2143	-392.543	501.7572	0.5228278	0.2386537
6198	108.2695	-393.4514	501.7209	0.5591861	0.2386537
6204	110.4063	-390.9153	501.3216	0.8741783	0.2051368
6210	107.3702	-394.4197	501.7899	0.2817846	0.1683436
6216	100.1636	-401.1069	501.2705	0.7920452	0.1660379
6222	114.9389	-387.0848	502.0237	0.2319415	0.2279527
6228	123.4452	-378.6167	502.062	0.2089032	0.2345153
6234	121.1545	-381.0263	502.1808	0.09002492	0.2345153
6240	126.5611	-375.5797	502.1408	0.02702248	0.195786
6246	123.0922	-378.823	501.9152	0.2731768	0.2025828
6252	117.1506	-385.0602	502.2108	0.1740303	0.2989848
6258	118.7002	-383.1002	501.8004	0.573467	0.2911309
6264	124.068	-377.5336	501.6017	0.3070725	0.1333703
6270	115.3279	-386.7159	502.0438	0.1578075	0.2071978
6276	125.2346	-376.4704	501.705	0.4644921	0.1963241
6282	125.4416	-375.6947	501.1363	0.7181927	0.1239789
6288	123.0996	-377.6152	500.7147	0.8865823	0.08990745
6294	112.0783	-387.7542	499.8326	1.122565	0.04288644
6300	113.6388	-385.6251	499.2639	1.691278	0.04288644
6306	117.2585	-381.6164	498.8749	1.691278	0.02822754
6312	123.9685	-375.3192	499.2876	1.691278	0.04401749
6318	112.5708	-386.8308	499.4016	1.577313	0.04401749
6324	114.9492	-384.9884	499.9376	1.577313	0.08101193
6330	125.1762	-374.4048	499.581	1.45113	0.04667235
6336	120.2418	-379.5075	499.7493	1.45113	0.05630091
6342	125.3739	-374.0768	499.4507	1.45113	0.04046369
6348	116.0627	-384.1146	500.1772	1.178167	0.06718071
6354	116.6418	-384.5597	501.2014	0.6162232	0.1180926
6360	118.6896	-382.3426	501.0322	0.7596391	0.1141899
6366	127.4101	-373.9162	501.3262	0.7596391	0.1720051
6372	127.7612	-373.7145	501.4757	0.6101448	0.1720051
6378	127.1504	-374.3603	501.5106	0.5752382	0.1720051
6384	120.8894	-381.3184	502.2078	0.1189607	0.2620469
6390	115.8101	-386.1721	501.9822	0.2089572	0.2035358
6396	111.9386	-390.1805	502.119	0.2457231	0.2849456
6402	120.1379	-382.0138	502.1517	0.1395072	0.2438511
6408	112.6774	-389.4099	502.0874	0.2440577	0.2646206
6414	109.0174	-392.0679	501.0853	0.7625326	0.1228909
6420	112.7084	-388.9348	501.6432	0.7420611	0.2993693
6426	111.1291	-390.7556	501.8847	0.282875	0.195717
6432	108.6991	-393.2354	501.9344	0.3514504	0.2413405
6438	112.8252	-388.8344	501.6596	0.4986487	0.1927415
6444	106.1357	-395.3315	501.4672	0.6439716	0.1788319
6450	116.075	-384.8869	500.9619	0.9341575	0.1310834
6456	111.5433	-389.9605	501.5038	0.4417297	0.1402896
6462	118.0061	-383.4402	501.4463	0.6388282	0.1718054
6468	118.6097	-382.3668	500.9765	0.9539498	0.1373941
6474	118.3982	-382.5406	500.9387	0.9917071	0.1373941
6480	113.4107	-387.4022	500.8129	1.08861	0.1320606
6486	112.2659	-389.3896	501.6555	0.5459899	0.2071615
6492	126.8728	-375.2792	502.152	0.3201542	0.3967405
6498	123.5507	-378.3367	501.8873	0.5236627	0.3202849
6504	118.8046	-383.0777	501.8823	0.4925344	0.2917834
6510	127.3938	-374.8602	502.254	0.119688	0.2909898
6516	124.4698	-377.5382	502.0079	0.4150295	0.3314666
6522	127.6828	-374.1826	501.8654	0.3964731	0.2306237
6528	127.2252	-374.6628	501.888	0.3738583	0.2306237
6534	124.7632	-376.2835	501.0467	0.8846454	0.1375657
6540	117.849	-383.7478	501.5968	0.5809712	0.1990286
6546	122.6999	-378.9177	501.6176	0.3732914	0.1495412
6552	120.651	-380.733	501.3839	0.8216704	0.2086038
6558	118.9352	-382.0171	500.9523	1.027897	0.1472869
6564	120.0972	-381.6585	501.7557	0.4844171	0.2216247
6570	121.4551	-379.4941	500.9492	0.7879731	0.106453
6576	115.5482	-385.3932	500.9414	1.009958	0.1414394
6582	123.4435	-378.6253	502.0688	0.2204457	0.2429219
6588	122.276	-379.2834	501.5593	0.7299282	0.2429219
6594	118.6493	-383.0415	501.6908	0.5447991	0.219834
6600	120.2505	-381.3939	501.6444	0.619925	0.2316631
6606	108.9829	-392.2332	501.2161	0.619925	0.1209777
6612	107.0801	-394.576	501.6561	0.5574027	0.2114762
6618	101.8938	-399.6822	501.576	0.5571145	0.1851091
6624	89.2066	-412.6933	501.8999	0.4745819	0.2915411
6630	103.4791	-397.8503	501.3293	0.3483456	0.09877799
6636	114.7891	-386.2384	501.0274	0.7898456	0.1180354
6642	116.9885	-384.1875	501.1759	0.7487111	0.1363017
6648	109.5538	-390.9572	500.511	1.216216	0.1051126
6654	105.4666	-396.5458	502.0123	0.07701778	0.1729189
6660	111.7663	-390.0795	501.8458	0.5148703	0.2822678
6666	105.9385	-396.1401	502.0786	0.07048381	0.1899097
6672	106.4501	-395.5232	501.9734	0.3778513	0.2762768
6678	117.684	-384.4814	502.1653	0.2453453	0.3200055
6684	118.662	-383.3166	501.9786	0.2863922	0.2319479
6690	113.889	-388.2698	502.1588	0.2316601	0.3032863
6696	116.9308	-384.8199	501.7507	0.6695953	0.3288485
6702	113.5272	-388.4422	501.9695	0.183865	0.1912111
6708	104.1325	-398.1806	502.3131	0.1518991	0.3839277
6714	106.7501	-395.1332	501.8833	0.3651845	0.2249956
6720	107.0266	-394.702	501.7286	0.4160563	0.1885622
6726	113.922	-387.404	501.326	0.8094322	0.1857855
6732	124.3513	-377.189	501.5402	0.5764057	0.1803706
6738	127.7246	-374.2635	501.9881	0.06513359	0.1637597
6744	115.0415	-386.4963	501.5378	0.2963427	0.1206849
6750	124.9943	-376.6149	501.6092	0.4252912	0.1592852
6756	124.4003	-377.7551	502.1554	0.2305589	0.2998637
6762	125.832	-375.176	501.008	0.8218241	0.1199877
6768	126.41	-375.6986	502.1086	0.2368761	0.2728104
6774	116.7778	-385.2848	502.0626	0.2112173	0.235845
6780	124.7869	-377.5118	502.2987	0.03419243	0.2654486
6786	127.1833	-374.9766	502.1599	0.09722435	0.2285916
6792	112.3002	-389.8184	502.1186	0.07200359	0.2033648
6798	106.2687	-395.8152	502.0839	0.05678965	0.1873773
6804	110.1716	-392.0282	502.1998	0.06639763	0.2324748
6810	119.5903	-382.5003	502.0906	0.1755569	0.2324748
6816	118.738	-382.7913	501.5292	0.7369505	0.2324748
6822	125.7785	-376.3672	502.1458	0.1204357	0.2324748
6828	126.4658	-375.5787	502.0444	0.3081663	0.2771282
6834	109.1172	-392.9333	502.0506	0.3020266	0.2771282
6840	116.0877	-386.0699	502.1577	0.1949042	0.2771282
6846	123.4334	-378.4408	501.8743	0.3908711	0.2320135
6852	121.6711	-380.3155	501.9866	0.3333654	0.2583528
6858	122.6406	-378.9291	501.5697	0.5263966	0.1747086
6864	119.7708	-382.2616	502.0324	0.06369291	0.1747086
6870	122.4306	-379.4352	501.8658	0.4156478	0.2392664
6876	125.6308	-375.9612	501.592	0.5957538	0.2023657
6882	127.7775	-373.8035	501.581	0.4633839	0.1616341
6888	126.1366	-373.8329	499.9695	1.497425	0.07652557
6894	130.6202	-368.9054	499.5256	1.625617	0.05327235
6900	136.6183	-365.386	502.0042	0.2753044	0.2384183
6906	134.7584	-367.1726	501.9309	0.3486079	0.2384183
6912	124.6312	-377.0649	501.6961	0.4355954	0.1847018
6918	118.4507	-383.2599	501.7107	0.5107673	0.2144053
6924	123.1272	-379.2104	502.3375	0.1123697	0.3618791
6930	124.821	-377.1054	501.9264	0.3125442	0.2211781
6936	114.5414	-387.0313	501.5727	0.4619333	0.1593297
6942	124.2798	-377.4443	501.7241	0.2770505	0.1517671
6948	115.0097	-386.5139	501.5236	0.4776043	0.1517671
6954	100.3758	-401.4257	501.8014	0.3760234	0.1989305
6960	113.5053	-388.6489	502.1542	0.2182141	0.2900848
6966	116.5974	-385.0162	501.6136	0.5814467	0.2048842
6972	119.6469	-382.3881	502.035	0.3835941	0.3272776
6978	108.3322	-393.811	502.1432	0.1387507	0.2395211
6984	118.8054	-383.1784	501.9838	0.3259362	0.2529717
6990	119.9225	-382.3167	502.2393	0.07041336	0.2529717
6996	122.385	-379.4787	501.8637	0.3679754	0.2183162
7002	124.8149	-377.5572	502.3721	0.01559017	0.3011847
7008	122.9976	-379.2638	502.2614	0.06553168	0.262107
7014	115.6348	-386.2454	501.8802	0.5406342	0.3294259
7020	121.5575	-380.3986	501.9561	0.3160267	0.2351002
7026	125.269	-376.5255	501.7945	0.2773777	0.1683893
7032	122.8805	-378.7475	501.628	0.4544872	0.1711152
7038	124.1979	-376.2493	500.4473	1.095196	0.0837261
7044	130.3311	-370.9211	501.2523	0.4802415	0.1058261
7050	125.2816	-375.1802	500.4618	1.161493	0.09235475
7056	134.2546	-365.6764	499.931	1.161493	0.04989745
7062	127.1611	-373.1687	500.3299	1.170439	0.07961282
7068	120.3853	-380.0246	500.4099	1.0904	0.07961282
7074	113.9836	-387.7848	501.7684	0.5189829	0.2420334
7080	103.5499	-398.0094	501.5594	0.7279815	0.2420334
7086	107.4496	-394.4385	501.8881	0.4987884	0.3005651
7092	116.9756	-383.9686	500.9443	1.062102	0.1529032
7098	119.0444	-381.9396	500.984	0.7734157	0.1092352
7104	118.8636	-382.8148	501.6784	0.5675371	0.2239613
7110	120.1609	-381.6891	501.8499	0.3322819	0.2005124
7116	114.7808	-387.0643	501.8452	0.6134823	0.3740667
7122	116.8315	-385.1803	502.0118	0.09989836	0.1789826
7128	109.7324	-392.5562	502.2886	0.1512037	0.3494275
7134	124.9471	-376.2524	501.1995	0.8328987	0.158807
7140	126.5786	-375.2843	501.8629	0.3614378	0.21551
7146	128.3759	-373.0774	501.4533	0.5457234	0.1513071
7152	128.6728	-373.2132	501.886	0.2963095	0.2005605
7158	126.5834	-373.9579	500.5413	1.060897	0.09000292
7164	128.5594	-372.3758	500.9352	0.9568385	0.1303699
7170	135.4841	-366.024	501.5081	0.5019071	0.1537
7176	120.5549	-381.0087	501.5636	0.6571003	0.2141329
7182	123.1618	-378.7964	501.9582	0.138287	0.1748202
7188	127.4399	-374.0071	501.447	0.6380611	0.1718025
7194	121.659	-380.1807	501.8397	0.4571131	0.2465526
7200	117.6651	-384.2937	501.9588	0.4006215	0.2814478
7206	109.6818	-392.4112	502.093	0.3472225	0.3498736
7212	121.2964	-380.8455	502.1418	0.3424931	0.4246775
7218	116.9034	-383.7774	500.6808	1.204679	0.1292276
7224	120.7745	-379.7638	500.5384	1.204679	0.1072517
7230	110.0135	-390.3406	500.3541	1.060307	0.07194812
7236	109.0208	-391.4279	500.4487	1.060307	0.08044289
7242	117.7681	-382.9739	500.742	1.060307	0.1157489
7248	113.4077	-386.4115	499.8192	1.343016	0.05393246
7254	106.969	-392.9355	499.9044	1.343016	0.0593732
7260	109.6484	-390.8136	500.4619	1.343016	0.1161504
7266	103.2369	-397.2838	500.5208	1.1835	0.1021201
7272	113.296	-388.926	502.222	0.04259526	0.2317723
7278	116.1715	-385.8268	501.9983	0.3548885	0.2775232
7284	123.4132	-378.6731	502.0863	0.2669529	0.2775232
7290	128.3515	-373.6501	502.0016	0.3516039	0.2775232
7296	124.2842	-378.1165	502.4007	0.05614416	0.3713575
7302	121.3265	-380.6239	501.9504	0.04380514	0.1502612
7308	114.6656	-386.6501	501.3157	0.8687004	0.2012443
7314	121.5013	-380.102	501.6033	0.7374053	0.2699368
7320	125.3078	-376.5219	501.8296	0.386713	0.2125209
7326	114.6637	-387.294	501.9577	0.3711858	0.2632148
7332	124.6847	-376.5283	501.213	0.7613441	0.1460678
7338	114.5811	-386.3647	500.9458	0.8840848	0.1200044
7344	125.2362	-376.1603	501.3964	0.7674286	0.1945216
7350	128.5803	-372.8607	501.441	0.7674286	0.2096139
7356	127.8238	-373.5076	501.3315	0.7424635	0.1689143
7362	121.5764	-379.5384	501.1149	0.7424635	0.1244441
7368	132.0184	-369.1257	501.1441	0.7424635	0.1294128
7374	130.9163	-370.4708	501.3871	0.6995672	0.1722162
7380	135.0457	-366.7033	501.749	0.5060992	0.2277313
7386	128.0559	-373.8614	501.9173	0.337775	0.2277313
7392	128.9159	-372.9153	501.8312	0.4564221	0.2421277
7398	124.5664	-376.3042	500.8706	0.9443417	0.1176746
7404	114.9333	-386.1178	501.0511	1.019065	0.1679528
7410	131.8628	-370.0008	501.8636	0.3604414	0.2153907
7416	135.6048	-366.7968	502.4017	0.01008224	0.3209612
7422	125.9271	-376.207	502.1341	0.04483566	0.1994244
7428	119.9805	-381.9031	501.8836	0.3965805	0.2387015
7434	115.2252	-386.5065	501.7317	0.5484439	0.2387015
7440	108.9214	-392.9218	501.8433	0.4555427	0.247518
7446	111.4423	-390.1573	501.5996	0.5578273	0.1924876
7452	115.6897	-386.1855	501.8753	0.2821672	0.1924876
7458	119.0524	-382.9489	502.0013	0.332716	0.2661062
7464	118.2474	-383.7287	501.9761	0.2419222	0.213149
7470	123.0588	-377.6568	500.7156	1.020986	0.1063819
7476	117.1767	-383.7898	500.9665	0.9211273	0.1296027
7482	132.8603	-368.1268	500.9871	0.9550291	0.1396324
7488	125.6395	-375.736	501.3755	0.6510498	0.1574455
7494	117.4299	-384.3995	501.8294	0.5278749	0.2800726
7500	122.6743	-379.4493	502.1236	0.2787369	0.3127874
7506	118.7993	-383.1593	501.9586	0.3756014	0.2661842
7512	125.4545	-376.584	502.0385	0.2957306	0.2661842
7518	122.1327	-379.6282	501.7609	0.3410585	0.1763142
7524	126.3912	-375.6554	502.0466	0.3288147	0.2922076
7530	125.4796	-374.5855	500.0651	1.269407	0.0655834
7536	133.4993	-366.8255	500.3248	1.296732	0.09215776
7542	133.7302	-366.2155	499.9457	1.296732	0.05903424
7548	124.2918	-376.2821	500.5739	1.030856	0.09028029
7554	113.5449	-387.4224	500.9673	0.7731854	0.106908
7560	117.0518	-384.0712	501.123	0.6175358	0.106908
7566	122.1074	-378.6243	500.7317	0.9776121	0.1027642
7572	121.034	-379.7748	500.8088	0.9345349	0.1072937
7578	121.2524	-379.9477	501.2001	0.8026661	0.1521221
7584	115.4568	-385.8381	501.2949	0.584277	0.128135
7590	105.795	-396.4271	502.2221	0.1232012	0.2726852
7596	104.3507	-397.3096	501.6603	0.2263946	0.1294427
7602	103.1862	-398.6631	501.8493	0.3384352	0.2023594
7608	112.2159	-388.6444	500.8603	0.7043577	0.08599433
7614	113.9493	-388.1553	502.1046	0.2077189	0.2543029
7620	111.7674	-389.4387	501.2061	0.5647555	0.1111417
7626	120.924	-380.9527	501.8767	0.3086792	0.2015644
7632	118.6254	-382.9078	501.5333	0.5237617	0.1646854
7638	107.9496	-393.8371	501.7867	0.4211024	0.2093922
7644	113.2095	-388.5772	501.7867	0.4211024	0.2093922
7650	112.8982	-388.649	501.5472	0.554661	0.1762725
7656	117.8095	-383.8835	501.6931	0.1648686	0.1245447
7662	117.2746	-384.8478	502.1224	0.3396708	0.379257
7668	114.2847	-387.4338	501.7185	0.44633	0.1948389
7674	126.7531	-374.454	501.2071	0.6896362	0.1312097
7680	121.2728	-379.9444	501.2172	0.6380998	0.1241051
7686	116.3687	-385.7848	502.1535	0.280319	0.3426803
7692	112.9899	-388.5285	501.5184	0.5213569	0.1605326
7698	116.3936	-385.7165	502.11	0.3156384	0.3341722
7704	125.2579	-376.0584	501.3162	0.7050444	0.1562396
7710	121.6095	-379.8549	501.4643	0.709552	0.1977586
7716	131.7917	-370.2679	502.0596	0.3426074	0.3126992
7722	126.0634	-375.9793	502.0427	0.3080924	0.2760259
7728	121.1453	-381.0073	502.1526	0.2049985	0.2802654
7734	121.1075	-380.8289	501.9364	0.2832763	0.2137477
7740	120.1949	-382.1388	502.3337	0.1000388	0.3426397
7746	107.2663	-394.9437	502.21	0.2792034	0.4402365
7752	112.8977	-389.1986	502.0962	0.2457488	0.2707136
7758	109.934	-391.7819	501.7159	0.6321776	0.2743828
7764	114.9307	-386.7183	501.649	0.4744736	0.1823066
7770	117.8869	-383.6164	501.5033	0.5415809	0.1617342
7776	115.7057	-385.4662	501.1719	0.8402627	0.1541907
7782	117.1118	-383.8014	500.9132	0.8439326	0.1091969
7788	114.5356	-386.6257	501.1612	0.5879911	0.1080977
7794	118.5925	-383.4357	502.0282	0.2139232	0.2224145
7800	113.0864	-388.6008	501.6872	0.4103183	0.1750963
7806	116.41	-384.7138	501.1238	0.8648179	0.14906
7812	122.5961	-379.2811	501.8772	0.3722533	0.2254223
7818	116.5756	-385.0237	501.5993	0.5224758	0.1818225
7824	126.0635	-374.7846	500.8481	0.9460846	0.1145346
7830	130.3782	-370.5768	500.955	0.8391613	0.1145346
7836	124.8929	-375.4198	500.3126	1.145394	0.07572335
7842	128.5063	-373.0447	501.551	0.4965657	0.1623957
7848	130.8449	-371.3494	502.1943	0.09036034	0.2407602
7854	123.775	-378.6077	502.3827	0.0937099	0.405269
7860	114.069	-387.5341	501.6032	0.5462843	0.1900176
7866	116.5448	-385.7413	502.2861	0.1050191	0.3037888
7872	121.5816	-380.8653	502.4469	0.04907929	0.4783138
7878	124.8502	-377.0751	501.9253	0.3960974	0.2590998
7884	124.8958	-376.9057	501.8015	0.5605303	0.2831203
7890	124.2331	-377.4817	501.7148	0.5605303	0.2364922
7896	124.5566	-377.2185	501.7751	0.5195824	0.2455211
7902	121.0841	-381.1752	502.2593	0.05169199	0.2536416
7908	119.5016	-382.8321	502.3337	0.09249741	0.3347118
7914	109.4408	-392.7193	502.1601	0.266082	0.3347118
7920	113.0656	-388.9323	501.9979	0.3369051	0.2665535
7926	112.5702	-389.1491	501.7193	0.6533279	0.2902743
7932	111.7808	-389.9313	501.7122	0.5871467	0.2477583
7938	119.1562	-381.9155	501.0718	0.863212	0.1382591
7944	121.9552	-379.0821	501.0374	0.863212	0.1318934
7950	114.7275	-387.4054	502.1329	0.2161421	0.2749385
7956	110.7279	-391.3227	502.0505	0.4080135	0.3739145
7962	112.9679	-388.8327	501.8005	0.4080135	0.2096609
7968	114.02	-387.934	501.9539	0.3907182	0.2722995
7974	104.9601	-397.2245	502.1846	0.09268646	0.2374062
7980	108.7977	-393.4599	502.2576	0.1624333	0.3286668
7986	115.3042	-386.9156	502.2198	0.08842671	0.2522192
7992	106.9977	-395.1919	502.1896	0.0450619	0.2194714
7998	113.538	-388.7897	502.3277	0.01292532	0.2698848
8004	128.3218	-373.8385	502.1602	0.3077022	0.3890087
8010	130.4386	-371.2556	501.6942	0.5489464	0.2228573
8016	128.4108	-373.5133	501.9241	0.1627363	0.1722476
8022	115.0467	-385.7499	500.7966	0.8473271	0.09473216
8028	113.7347	-386.9854	500.7201	1.176907	0.1312572
8034	117.6664	-384.3426	502.009	0.3228462	0.2648433
8040	110.434	-391.6501	502.084	0.2477712	0.2648433
8046	117.0233	-384.7984	501.8218	0.5272686	0.2749359
8052	123.1381	-378.775	501.9131	0.3913521	0.2503249
8058	118.8011	-383.0352	501.8363	0.1474576	0.1480413
8064	111.637	-390.1694	501.8064	0.3255298	0.1847671
8070	112.1802	-390.0117	502.1919	0.262496	0.3678897
8076	124.3315	-376.9147	501.2462	0.5877062	0.1206441
8082	121.547	-379.7141	501.2611	0.5728219	0.1206441
8088	119.2398	-381.8977	501.1375	0.7772071	0.1344656
8094	121.0782	-380.1616	501.2397	0.7419625	0.1476044
8100	120.4664	-380.3545	500.8209	1.017112	0.1212931
8106	115.139	-386.7935	501.9325	0.4209556	0.2776872
8112	107.6157	-393.8912	501.5069	0.4442895	0.1413983
8118	113.647	-388.0005	501.6474	0.610613	0.2289887
8124	114.3352	-387.4192	501.7544	0.5241537	0.2379636
8130	112.6816	-389.3534	502.0349	0.1532714	0.2025367
8136	117.9826	-384.35	502.3326	0.1031643	0.3448746
8142	118.1081	-382.8958	501.0039	0.7175725	0.1043633
8148	122.096	-379.2313	501.3273	0.6839285	0.1539701
8154	116.4225	-384.4395	500.862	0.7372071	0.0896725
8160	121.2316	-379.735	500.9666	0.8790011	0.1225246
8166	123.1094	-377.8572	500.9666	0.8790011	0.1225246
8172	126.4343	-374.5077	500.942	0.8790011	0.1186165
8178	127.0335	-375.3144	502.3479	0.1081884	0.3703255
8184	122.7453	-378.7613	501.5066	0.7390863	0.2238768
8190	119.9314	-380.8434	500.7748	0.931562	0.1023865
8196	121.123	-379.9879	501.1109	0.7419258	0.1236935
8202	119.7709	-381.537	501.3079	0.8290467	0.1862377
8208	124.7325	-377.1982	501.9306	0.3782557	0.2525633
8214	125.3654	-376.8572	502.2226	0.07122756	0.2450808
8220	124.8564	-377.2984	502.1548	0.004307539	0.1930291
8226	107.5334	-394.5794	502.1128	0.1013831	0.2117122
8232	113.5575	-388.563	502.1205	0.04798322	0.1959911
8238	109.3917	-392.3069	501.6986	0.6955888	0.3061987
8244	116.6815	-385.1475	501.829	0.5693626	0.3095642
8250	122.7157	-379.2268	501.9425	0.2379729	0.1999421
8256	118.4519	-383.6943	502.1462	0.1824606	0.2630693
8262	126.1806	-375.7864	501.9671	0.3675892	0.2664604
8268	121.4737	-380.6228	502.0965	0.1275053	0.2153802
8274	121.3234	-380.5702	501.8936	0.3354364	0.2173056
8280	122.374	-379.5948	501.9688	0.3174164	0.2414784
8286	111.9431	-389.9017	501.8448	0.2932371	0.1865741
8292	120.0933	-381.6989	501.7922	0.5659423	0.2806127
8298	115.4728	-386.6971	502.1699	0.09531076	0.2320535
8304	119.8588	-382.4576	502.3164	0.03905283	0.2789431
8310	118.1326	-383.8249	501.9574	0.348053	0.2508272
8316	124.6974	-377.4895	502.1869	0.1412479	0.2628063
8322	124.767	-376.9359	501.7029	0.4053565	0.1780331
8328	119.6956	-382.3789	502.0746	0.1170778	0.2037118
8334	123.0316	-378.5293	501.5609	0.4097819	0.1453303
8340	120.0082	-381.3166	501.3248	0.6348645	0.1431003
8346	109.5188	-392.1745	501.6934	0.4897195	0.2008085
8352	117.6478	-384.7363	502.3841	0.03346678	0.3262851
8358	117.2332	-384.6262	501.8595	0.2857788	0.1887413
8364	117.6192	-384.1445	501.7637	0.296566	0.165495
8370	115.3341	-385.8021	501.1362	0.8209359	0.1425842
8376	112.3281	-389.0204	501.3485	0.8209359	0.1963107
8382	111.9216	-389.281	501.2025	0.5814279	0.1130323
8388	114.9357	-385.7933	500.729	1.054957	0.1130323
8394	120.6683	-380.5841	501.2524	0.7115214	0.1439446
8400	112.7452	-389.4114	502.1566	0.1493818	0.2510892
8406	111.8238	-390.2016	502.0253	0.4255691	0.3631859
8412	116.9985	-384.7881	501.7866	0.4504195	0.2204017
8418	111.9673	-390.3097	502.277	0.08409479	0.2825228
8424	115.1692	-386.9941	502.1633	0.1021711	0.2321613
8430	113.8958	-388.3223	502.2182	0.04731803	0.2321613
8436	119.0582	-383.1077	502.1658	0.09962912	0.2321613
8442	125.842	-375.0175	500.8595	1.006494	0.1258914
8448	120.8385	-380.5228	501.3613	0.5047089	0.1258914
8454	125.1338	-376.8628	501.9966	0.0792969	0.1694167
8460	120.0966	-381.4505	501.5471	0.6611944	0.2095852
8466	114.8554	-386.575	501.4304	0.7406779	0.1968454
8472	113.8718	-388.2468	502.1186	0.08783989	0.2089193
8478	112.3203	-390.0901	502.4104	0.01505107	0.3339308
8484	121.5807	-380.0582	501.6389	0.5696571	0.2096864
8490	117.6672	-384.0692	501.7365	0.472128	0.2096864
8496	113.7975	-387.9568	501.7543	0.4340211	0.202586
8502	110.9748	-390.7942	501.769	0.5161357	0.2410066
8508	113.5777	-388.865	502.4427	0.04625243	0.4392121
8514	122.6998	-379.1965	501.8963	0.4598303	0.2793269
8520	128.7227	-373.2073	501.93	0.3346128	0.2317769
8526	123.1174	-378.0077	501.1251	0.781572	0.1329925
8532	123.9549	-377.0683	501.0233	0.8729771	0.1311196
8538	112.7197	-388.7015	501.4211	0.621097	0.1611046
8544	109.4446	-392.5975	502.0421	0.145118	0.2021891
8550	103.3694	-398.2317	501.601	0.4883376	0.1729289
8556	107.814	-393.5686	501.3826	0.5280621	0.1337154
8562	108.7921	-393.0634	501.8555	0.5500603	0.3155385
8568	129.4137	-371.7558	501.1695	0.6613944	0.1201656
8574	118.1217	-383.0579	501.1796	0.6613944	0.1217692
8580	116.666	-384.504	501.17	0.9003368	0.1680073
8586	125.8749	-375.7712	501.6461	0.452948	0.175508
8592	116.1643	-386.2849	502.4492	0.03303711	0.41894
8598	110.4589	-391.8118	502.2707	0.02604642	0.2465008
8604	108.9277	-392.8853	501.813	0.3771946	0.2032132
8610	110.5274	-391.7538	502.2812	0.1365183	0.3264308
8616	113.7469	-387.2129	500.9598	0.8779801	0.1212657
8622	113.7679	-388.0211	501.789	0.4282025	0.2128462
8628	112.7027	-389.2286	501.9313	0.3557209	0.2418706
8634	121.6165	-380.762	502.3784	0.08569127	0.3825661
8640	114.7318	-387.4938	502.2256	0.2275693	0.3662264
8646	112.4405	-389.5168	501.9574	0.4363201	0.305794
8652	113.5781	-387.2038	500.7819	0.6155912	0.07054629
8658	114.8101	-386.858	501.6682	0.5287669	0.2055459
8664	116.9353	-384.6278	501.5631	0.6338347	0.2055459
8670	116.4289	-385.6318	502.0607	0.2193569	0.2386601
8676	118.367	-383.4212	501.7882	0.4757438	0.2315017
8682	121.9283	-380.2342	502.1625	0.08352958	0.2240093
8688	122.901	-379.2036	502.1047	0.0321993	0.186231
8694	112.7404	-389.6575	502.398	0.04264559	0.3503676
8700	105.9031	-395.4282	501.3313	0.7278785	0.1652228
8706	113.2463	-388.6886	501.935	0.1242571	0.1652228
8712	118.22	-384.0821	502.3021	0.1079129	0.319442
8718	122.8234	-379.1785	502.002	0.4440428	0.356876
8724	125.3445	-376.6009	501.9454	0.393873	0.2691201
8730	121.4969	-380.7664	502.2633	0.05232394	0.2560357
8736	115.5778	-385.9356	501.5134	0.5246931	0.1601358
8742	101.3774	-399.5658	500.9432	0.8816023	0.1192043
8748	119.7951	-380.3674	500.1625	1.323535	0.07827095
8754	117.9381	-381.9828	499.9209	1.323535	0.05916698
8760	115.6611	-384.5275	500.1885	1.323535	0.08073504
8766	109.5647	-390.4774	500.0421	1.201514	0.05911444
8772	118.0612	-381.3371	499.3983	1.579742	0.04397399
8778	118.4951	-380.2245	498.7196	1.877567	0.02916985
8784	117.7735	-380.8073	498.5809	1.918708	0.02630665
8790	111.2206	-387.6297	498.8503	1.918708	0.0350488
8796	106.4294	-392.6517	499.0812	1.919385	0.04507549
8802	110.5744	-388.285	498.8594	1.919385	0.03541975
8808	110.8044	-388.3366	499.1409	1.919385	0.04814703
8814	113.3383	-385.2872	498.6255	2.008174	0.03032372
8820	113.2424	-386.8619	500.1042	1.416089	0.08153414
8826	114.9677	-384.8746	499.8423	1.416089	0.06011295
8832	114.7265	-384.5188	499.2452	1.763967	0.04550591
8838	99.81525	-399.9475	499.7628	1.324235	0.04959258
8844	106.2995	-395.2494	501.5489	0.5509498	0.1757182
8850	111.1419	-388.3465	499.4884	1.712066	0.05630181
8856	117.9682	-381.3353	499.3034	1.712066	0.04582153
8862	108.2631	-392.9829	501.2461	0.7785406	0.156997
8868	98.44914	-402.9034	501.3526	0.7451717	0.1751593
8874	108.2786	-392.9807	501.2593	0.7999635	0.1652443
8880	113.2617	-387.6113	500.873	1.028232	0.1320098
8886	118.1769	-383.0078	501.1847	0.7469675	0.1376259
8892	118.2136	-383.1933	501.4069	0.8084304	0.2121484
8898	120.7347	-380.8214	501.5561	0.6592092	0.2121484
8904	124.5549	-376.038	500.5929	1.207005	0.1153875
8910	117.26	-383.5568	500.8168	1.018804	0.120913
8916	112.1462	-388.5629	500.7091	0.9948867	0.1020873
8922	110.1529	-390.6819	500.8348	0.9105858	0.1075725
8928	102.3512	-397.9572	500.3084	1.354491	0.09697843
8934	108.5986	-392.7655	501.3641	0.6808262	0.161756
8940	102.003	-399.9548	501.9579	0.2424526	0.2067363
8946	120.9216	-380.644	501.5656	0.5654413	0.1845168
8952	120.1195	-382.1115	502.231	0.05781496	0.2427296
8958	118.9388	-383.2039	502.1427	0.1737531	0.256474
8964	123.2378	-378.46	501.6977	0.4586229	0.1921587
8970	118.7415	-383.1683	501.9098	0.4705505	0.2957312
8976	121.6966	-380.6744	502.3711	0.1208671	0.4514121
8982	108.5134	-393.5915	502.1049	0.2136728	0.2575996
8988	109.6614	-392.0438	501.7052	0.4829352	0.2025009
8994	108.4835	-393.5013	501.9848	0.2033269	0.2025009
9000	118.6298	-383.7772	502.407	0.05035283	0.3721174
9006	110.4586	-391.7122	502.1708	0.06235434	0.2189035
9012	119.5959	-382.6146	502.2104	0.08024139	0.2435886
9018	126.6418	-375.2929	501.9348	0.3283325	0.2311328
9024	122.9124	-379.0965	502.0089	0.388559	0.3087917
9030	122.9119	-378.9938	501.9057	0.4615656	0.2866147
9036	114.2554	-387.5171	501.7725	0.4419273	0.2118103
9042	113.0675	-389.011	502.0785	0.3754322	0.3672748
9048	117.5604	-384.4389	501.9993	0.2957445	0.2456866
9054	106.6441	-395.4876	502.1317	0.1795479	0.2537695
9060	110.473	-391.2305	501.7035	0.5254642	0.2172513
9066	116.3112	-385.5393	501.8505	0.4559209	0.2512982
9072	118.92	-383.1712	502.0913	0.2151379	0.2512982
9078	110.1947	-392.0869	502.2817	0.1659246	0.3589046
9084	110.4093	-390.7474	501.1567	0.8944105	0.1632517
9090	110.2873	-391.7356	502.0229	0.3604296	0.2978891
9096	95.87178	-406.281	502.1528	0.0579203	0.210449
9102	113.9796	-388.2959	502.2755	0.1319552	0.3171684
9108	111.6647	-390.2116	501.8763	0.5398099	0.3248927
9114	118.6985	-383.2552	501.9537	0.4624133	0.3248927
9120	116.1761	-385.0665	501.2426	0.5874712	0.1200398
9126	116.9134	-384.8479	501.7614	0.4514319	0.2112111
9132	113.527	-388.3518	501.8788	0.3959886	0.2362639
9138	112.1465	-389.9883	502.1348	0.01962176	0.1915654
9144	107.3882	-394.8049	502.1931	0.1631201	0.2794097
9150	108.1406	-393.2481	501.3887	0.5610708	0.1411367
9156	110.2213	-390.615	500.8363	0.8421298	0.09886739
9162	115.2469	-386.348	501.595	0.3465883	0.1395242
9168	117.1603	-384.297	501.4573	0.7532606	0.210388
9174	122.6382	-378.6951	501.3334	0.481664	0.1176868
9180	115.8967	-385.8292	501.7259	0.3749472	0.1760123
9186	119.0164	-383.2792	502.2956	0.06171905	0.2801076
9192	119.2752	-382.9417	502.2169	0.1585913	0.2922297
9198	121.6588	-380.1928	501.8517	0.1582582	0.1536887
9204	125.0974	-376.1114	501.2088	0.7780033	0.1486723
9210	117.8802	-383.8616	501.7418	0.2449874	0.1486723
9216	113.3436	-388.0091	501.3528	0.6594222	0.1541995
9222	111.0431	-390.6447	501.6878	0.3191794	0.1530451
9228	121.1617	-379.9995	501.1612	0.5597279	0.1042886
9234	113.1353	-388.1571	501.2924	0.8098159	0.1763591
9240	111.8041	-389.5081	501.3122	0.7964494	0.1781338
9246	119.5019	-382.3368	501.8387	0.4121915	0.2260033
9252	128.5933	-373.4143	502.0075	0.2076923	0.2121024
9258	125.3451	-376.1136	501.4587	0.7565697	0.2121024
9264	127.2481	-374.9313	502.1794	0.2667321	0.3570943
9270	129.1548	-373.0142	502.169	0.09213528	0.2303137
9276	110.5236	-391.3011	501.8247	0.4365231	0.2303137
9282	108.4365	-393.539	501.9756	0.2662727	0.2223241
9288	125.4958	-375.8316	501.3274	0.5495134	0.1277513
9294	125.0633	-376.0262	501.0895	0.8052187	0.130853
9300	123.6578	-378.2765	501.9343	0.1495878	0.1714789
9306	120.9464	-380.5841	501.5304	0.4237143	0.1419919
9312	113.8941	-388.1997	502.0938	0.09994537	0.2044492
9318	112.2439	-390.0377	502.2817	0.1457541	0.3359433
9324	123.4303	-378.6018	502.0321	0.3555678	0.3011333
9330	119.3253	-382.0117	501.337	0.7461541	0.1712968
9336	110.9104	-389.951	500.8613	0.9694166	0.1201385
9342	108.782	-392.3695	501.1515	0.9318769	0.1713501
9348	109.1673	-393.0623	502.2296	0.2080667	0.3469674
9354	115.516	-385.816	501.332	0.7279507	0.1654042
9360	117.8862	-384.1896	502.0758	0.1944347	0.2342407
9366	112.6765	-389.6015	502.2779	0.2154477	0.4588064
9372	122.8198	-378.4465	501.2663	0.7276975	0.1502247
9378	121.9044	-379.5236	501.428	0.5660049	0.1502247
9384	128.5238	-373.2693	501.7931	0.4528321	0.2239737
9390	129.0276	-371.9511	500.9787	0.917588	0.1311328
9396	128.2619	-373.1962	501.4582	0.6352058	0.1739884
9402	129.2802	-372.2134	501.4936	0.5997299	0.1739884
9408	129.3829	-371.5809	500.9639	0.8790487	0.1220879
9414	121.7312	-379.3939	501.1251	0.6568658	0.1127463
9420	118.9799	-382.5893	501.5692	0.6643065	0.2190418
9426	115.0148	-386.8724	501.8872	0.5421603	0.3379826
9432	120.4458	-380.7443	501.1901	0.7485754	0.1389649
9438	120.836	-380.6186	501.4546	0.6888559	0.1881952
9444	121.7026	-380.0497	501.7523	0.6459568	0.3094549
9450	115.6002	-386.5677	502.1679	0.2427689	0.3199711
9456	121.8689	-380.1107	501.9796	0.3212718	0.2485303
9462	123.7067	-377.5454	501.2521	0.7685019	0.1560896
9468	124.531	-377.4704	502.0014	0.2091719	0.2103977
9474	111.1916	-391.1625	502.354	0.141256	0.5295585
9480	119.4598	-382.3773	501.8371	0.2734932	0.1786795
9486	118.5121	-383.3417	501.8538	0.3337635	0.2023194
9492	113.0761	-388.7335	501.8096	0.2632488	0.1686518
9498	121.7761	-380.0332	501.8093	0.4341917	0.2229916
9504	120.9668	-381.22	502.1868	0.08215102	0.2336984
9510	120.0081	-381.3289	501.337	0.6467961	0.1480381
9516	117.2159	-384.5196	501.7355	0.3603871	0.1746588
9522	117.2339	-384.9246	502.1585	0.1899578	0.274585
9528	123.3706	-378.9441	502.3147	0.03374564	0.274585
9534	126.1415	-375.689	501.8305	0.5179857	0.274585
9540	112.1608	-389.62	501.7808	0.380542	0.1937367
9546	121.4085	-380.8727	502.2812	0.1103534	0.3041178
9552	122.2319	-379.989	502.2209	0.05870215	0.2384357
9558	117.5619	-383.569	501.1309	0.6607693	0.1141566
9564	117.6738	-384.1351	501.8088	0.2931999	0.1763251
9570	116.6663	-385.3371	502.0035	0.3002692	0.2499538
9576	119.5669	-382.5267	502.0937	0.2100714	0.2499538
9582	112.0475	-390.2057	502.2532	0.1088461	0.2831224
9588	108.4622	-393.9436	502.4058	0.01166574	0.3261753
9594	109.6477	-392.5979	502.2456	0.02573844	0.2347344
9600	113.3811	-388.8357	502.2168	0.1979973	0.3237373
9606	114.2446	-387.5734	501.818	0.3615359	0.1996317
9612	109.4869	-392.6342	502.1212	0.2392081	0.2820677
9618	108.127	-393.3485	501.4755	0.5236829	0.1513354
9624	111.9654	-390.3928	502.3583	0.09549727	0.3670586
9630	106.9303	-395.4097	502.34	0.1126076	0.365509
9636	111.4104	-390.9524	502.3627	0.08482134	0.3588509
9642	104.856	-396.9423	501.7983	0.5510688	0.2751392
9648	105.5151	-396.228	501.7431	0.4505724	0.2043939
9654	108.2541	-393.0098	501.2639	0.7351506	0.1512984
9660	106.5482	-395.6801	502.2282	0.07773025	0.2510715
9666	111.7755	-389.7055	501.481	0.6420996	0.1821958
9672	108.7633	-392.1029	500.8663	0.9163962	0.1128409
9678	111.552	-390.52	502.0721	0.1714131	0.2229722
9684	107.6789	-394.5058	502.1847	0.05875232	0.2229722
9690	107.2578	-395.0454	502.3032	0.03577374	0.2689425
9696	107.6294	-394.2617	501.8911	0.3220214	0.2113175
9702	107.4321	-394.301	501.733	0.4891325	0.2146868
9708	112.3603	-388.7065	501.0668	0.6923206	0.1094747
9714	115.3635	-385.3385	500.702	1.057115	0.1094747
9720	112.2972	-388.8828	501.18	0.5791281	0.1094747
9726	112.3439	-389.2746	501.6184	0.51753	0.1859531
9732	115.1043	-386.6183	501.7226	0.4253904	0.1895793
9738	112.7942	-389.2586	502.0528	0.2603486	0.2547483
9744	120.854	-380.8244	501.6785	0.4545908	0.1850946
9750	118.1247	-383.9234	502.0481	0.408598	0.3712068
9756	110.1252	-392.2803	502.4056	0.07771459	0.4217204
9762	110.4555	-391.9822	502.4377	0.05458353	0.4529364
9768	121.4094	-380.6325	502.0418	0.07774075	0.1812061
9774	115.3162	-386.9266	502.2427	0.1354058	0.2941411
9780	114.7479	-386.9487	501.6966	0.5031388	0.2065339
9786	115.0566	-386.6364	501.693	0.5517861	0.2235058
9792	113.7543	-387.5847	501.3389	0.6338717	0.1457631
9798	116.5808	-385.4802	502.061	0.1556316	0.2126137
9804	118.1027	-383.3756	501.4783	0.7903241	0.2335256
9810	115.8141	-385.3061	501.1202	0.7012522	0.1186878
9816	120.8292	-380.745	501.5741	0.6892717	0.2312744
9822	121.3434	-380.9487	502.2921	0.162864	0.3687091
9828	123.7542	-378.6527	502.4069	0.01857647	0.3339966
9834	121.3511	-381.0669	502.418	0.01106908	0.3376089
9840	109.7018	-392.2549	501.9567	0.3940004	0.275961
9846	101.8853	-399.7927	501.6779	0.527441	0.208517
9852	106.8019	-394.593	501.3949	0.6398836	0.1593422
9858	116.591	-384.9561	501.5471	0.52535	0.1685478
9864	120.7248	-381.065	501.7898	0.5801416	0.2884153
9870	119.2413	-381.3081	500.5494	1.065123	0.09136363
9876	126.7281	-374.6602	501.3883	0.5708738	0.1430006
9882	121.5174	-379.8573	501.3747	0.5844782	0.1430006
9888	110.5689	-391.0188	501.5878	0.7220011	0.2530117
9894	119.894	-382.1918	502.0858	0.2629966	0.2747918
9900	115.5303	-385.7752	501.3055	0.6294256	0.1382425
9906	114.2088	-387.7336	501.9424	0.4674431	0.3192273
9912	114.6164	-387.5457	502.1621	0.02758411	0.2030551
9918	88.75562	-413.5299	502.2855	0.2020315	0.4343345
9924	96.49574	-405.4873	501.9831	0.4578619	0.3507515
9930	102.0776	-399.8604	501.938	0.3622125	0.2481907
9936	95.75221	-406.0355	501.7877	0.4526907	0.2217245
9942	106.3295	-395.3183	501.6478	0.592569	0.2217245
9948	121.408	-380.2086	501.6166	0.591716	0.2095747
9954	121.0855	-381.004	502.0895	0.09625694	0.2016957
9960	118.9778	-382.9922	501.97	0.4100618	0.2955469
9966	116.7555	-385.2358	501.9913	0.3872489	0.294467
9972	108.3168	-393.8649	502.1818	0.1543038	0.2672699
9978	113.6002	-388.5967	502.1969	0.02930189	0.216197
9984	114.7296	-387.4071	502.1368	0.02013058	0.1923259
9990	114.0251	-387.9681	501.9932	0.09620149	0.1729227
9996	107.4853	-394.9283	502.4135	0.02951468	0.3532667
10002	114.1971	-387.2624	501.4594	0.7067502	0.1952609
10008	114.4944	-385.9383	500.4326	1.31547	0.1079446
10014	123.0205	-377.4417	500.4622	1.190933	0.09581004
10020	121.098	-379.3907	500.4887	1.059767	0.08432876
10026	115.9576	-385.943	501.9006	0.1332509	0.1591357
10032	111.4549	-389.7088	501.1637	0.9120611	0.1693926
10038	122.5498	-379.3095	501.8593	0.3402255	0.2064549
10044	115.2751	-386.2296	501.5047	0.7418744	0.2242278
10050	110.3814	-390.8422	501.2236	0.7912968	0.1547889
10056	108.8593	-392.5355	501.3948	0.7912968	0.2018153
10062	103.5046	-397.5792	501.0838	0.8129668	0.1312142
10068	110.1874	-391.9639	502.1513	0.1316328	0.2399571
10074	114.6437	-387.3194	501.963	0.4116039	0.2916655
10080	110.4341	-391.0447	501.4789	0.6983983	0.1988676
10086	113.0182	-388.0733	501.0915	0.8759253	0.1446538
10092	111.5496	-389.6579	501.2076	0.8683915	0.1694347
10098	108.4994	-393.6458	502.1452	0.150181	0.2458704
10104	107.3311	-394.4181	501.7492	0.5894742	0.2687586
10110	109.759	-392.4764	502.2354	0.1297553	0.2852054
10116	114.6724	-387.4499	502.1224	0.190894	0.254809
10122	115.3482	-386.0262	501.3744	0.954642	0.2632876
10128	118.1065	-383.4364	501.5429	0.5831725	0.1830774
10134	120.8789	-380.5777	501.4566	0.5562	0.1543322
10140	114.7583	-386.4214	501.1797	0.7597528	0.1391226
10146	119.1696	-382.3272	501.4967	0.6193263	0.1802054
10152	122.817	-379.138	501.9549	0.3034778	0.2291421
10158	123.9396	-378.0056	501.9452	0.216161	0.1937247
10164	126.8504	-374.4935	501.3439	0.8534235	0.2056713
10170	115.0823	-386.0212	501.1035	0.738595	0.1219472
10176	114.1944	-386.9678	501.1622	0.7515671	0.1342867
10182	114.0069	-386.588	500.5949	1.083231	0.09883683
10188	117.8971	-383.7609	501.658	0.3514484	0.1535901
10194	114.2114	-386.2195	500.4309	1.032215	0.07617719
10200	114.285	-387.2636	501.5486	0.6660477	0.2118841
10206	115.4454	-386.2863	501.7317	0.7080449	0.3493515
10212	117.7286	-384.1848	501.9133	0.3811388	0.2454102
10218	124.9514	-377.1965	502.1479	0.171052	0.2578259
10224	123.5107	-377.7927	501.3035	0.8132311	0.1803833
10230	122.9455	-378.665	501.6106	0.5354483	0.1889706
10236	121.6962	-380.0726	501.7689	0.5354483	0.2502432
10242	113.7683	-387.3514	501.1198	0.8434669	0.1438135
10248	123.296	-378.3581	501.6541	0.3424972	0.1507829
10254	118.1223	-383.535	501.6573	0.5605535	0.2130859
10260	122.758	-379.4678	502.2258	0.07425388	0.2481442
10266	118.3963	-383.8172	502.2136	0.006135354	0.2137601
10272	125.0647	-377.0054	502.0701	0.05044644	0.1814891
10278	117.996	-383.8741	501.8701	0.1536556	0.1568094
10284	114.1436	-388.2145	502.3581	0.09885663	0.3715204
10290	117.6654	-383.8304	501.4958	0.6668176	0.1941098
10296	120.8015	-381.1522	501.9537	0.2088999	0.1941098
10302	114.2865	-387.8418	502.1283	0.2417127	0.2884854
10308	111.7878	-389.9095	501.6972	0.4099816	0.1777399
10314	121.2032	-379.8684	501.0716	0.8417825	0.1342143
10320	125.9135	-375.3625	501.2759	0.637452	0.1342143
10326	122.549	-379.2106	501.7596	0.5363384	0.2461046
10332	115.9299	-385.8524	501.7823	0.2848942	0.1672068
10338	122.6931	-379.484	502.1771	0.1778669	0.2786045
10344	125.8259	-375.8044	501.6303	0.6590895	0.2429643
10350	133.5221	-367.6749	501.197	0.6296557	0.1194891
10356	129.7081	-371.3414	501.0495	0.6296557	0.09895772
10362	131.5682	-370.0127	501.5809	0.6382378	0.2135484
10368	131.4397	-370.4479	501.8876	0.3777075	0.2320812
10374	131.6614	-370.4357	502.0971	0.1240099	0.2142785
10380	132.0952	-370.008	502.1032	0.1179068	0.2142785
10386	124.5381	-377.6706	502.2088	0.2142983	0.3315658
10392	121.7741	-380.4064	502.1805	0.247717	0.3367717
10398	120.745	-380.1335	500.8785	0.9641636	0.1220374
10404	113.0231	-388.9046	501.9278	0.1242856	0.1634709
10410	117.2027	-384.5482	501.7509	0.4559601	0.2090406
10416	117.5169	-383.8105	501.3274	0.5514696	0.1280791
10422	109.0114	-392.6418	501.6532	0.382175	0.159502
10428	117.9724	-383.771	501.7434	0.3254645	0.1676228
10434	106.3965	-395.5525	501.9491	0.3174178	0.2326011
10440	116.593	-384.9011	501.4941	0.7363476	0.2178491
10446	125.9827	-375.7133	501.696	0.5066957	0.2075707
10452	129.3927	-372.28	501.6727	0.5066957	0.1995618
10458	127.3081	-374.376	501.6841	0.4953045	0.1995618
10464	128.6436	-373.0691	501.7127	0.3314032	0.1615655
10470	126.3251	-375.1188	501.4439	0.5580168	0.1519392
10476	130.4927	-371.6125	502.1052	0.2516264	0.2797953
10482	124.3498	-377.5731	501.9228	0.3221657	0.2235939
10488	112.0649	-389.9819	502.0467	0.334104	0.2960649
10494	125.8595	-376.1961	502.0557	0.2973957	0.2774357
10500	119.5238	-382.6461	502.1699	0.153915	0.2604285
10506	120.9127	-380.7764	501.689	0.5145801	0.2079022
10512	121.7755	-380.4408	502.2162	0.07303094	0.2429286
10518	129.212	-373.075	502.2869	0.02227507	0.2527239
10524	118.3854	-383.8607	502.2461	0.06310397	0.2527239
10530	111.8774	-389.1244	501.0018	0.8575596	0.1247746
10536	115.7	-385.4693	501.1693	0.8575596	0.1575227
10542	117.2022	-384.1788	501.3809	0.6459584	0.1575227
10548	116.6421	-385.5777	502.2198	0.2297216	0.3613822
10554	113.2398	-388.7385	501.9782	0.4114588	0.3026959
10560	117.0876	-383.9377	501.0252	0.9349894	0.1431974
10566	123.3456	-377.6262	500.9718	0.9884393	0.1431974
10572	119.9334	-381.8796	501.813	0.2175473	0.1583775
10578	129.9395	-371.9188	501.8583	0.4291661	0.242056
10584	123.2284	-378.5401	501.7685	0.4196498	0.2025076
10590	125.9024	-376.0149	501.9173	0.3411106	0.2291307
10596	131.4552	-370.7309	502.1862	0.07224051	0.2291307
10602	121.0847	-380.7972	501.8819	0.00512404	0.1295038
10608	121.2039	-380.7389	501.9427	0.4093406	0.2768161
10614	118.7046	-383.3808	502.0853	0.2510406	0.2674416
10620	111.8207	-390.2396	502.0604	0.3057384	0.2858241
10626	113.0153	-387.9431	500.9584	0.7955068	0.1087518
10632	122.1495	-378.9334	501.0829	0.8145356	0.1313339
10638	113.5339	-387.789	501.323	0.2556318	0.08745832
10644	117.2694	-384.7623	502.0317	0.3289594	0.2822192
10650	116.2609	-385.092	501.3529	0.5287743	0.1285735
10656	125.2711	-376.5441	501.8153	0.4292327	0.2233908
10662	120.3134	-381.2749	501.5884	0.5065215	0.174392
10668	116.2466	-385.4242	501.6707	0.3222883	0.1500029
10674	123.9295	-376.5442	500.4737	0.9963956	0.07681242
10680	117.8345	-381.8548	499.6893	1.427596	0.05126966
10686	118.0306	-381.4984	499.5291	1.427596	0.04295841
10692	111.1236	-387.8707	498.9943	1.709788	0.03269156
10698	110.1687	-389.1817	499.3504	1.709788	0.04814173
10704	112.4712	-387.3356	499.8068	1.389999	0.05606722
10710	118.1534	-381.7504	499.9038	1.444104	0.0666012
10716	105.7182	-394.7392	500.4574	0.9439761	0.07086626
10722	112.4603	-388.4377	500.898	0.9439761	0.1219332
10728	106.1729	-394.5308	500.7036	0.9439761	0.0951606
10734	109.275	-391.5184	500.7934	1.017668	0.1170874
10740	116.5711	-385.6653	502.2364	0.1616518	0.3093133
10746	126.5254	-375.4091	501.9345	0.2392611	0.1977266
10752	124.4476	-377.7469	502.1945	0.1994171	0.3060139
10758	121.8827	-380.3666	502.2494	0.02567258	0.2363739
10764	113.2759	-389.0075	502.2834	0.1862348	0.3920166
10770	118.5619	-383.6986	502.2605	0.1170913	0.2937341
10776	112.746	-389.6468	502.3928	0.01188842	0.3147523
10782	117.4796	-384.8426	502.3222	0.08240017	0.3147523
10788	115.3391	-386.7277	502.0668	0.0512473	0.1807674
10794	116.1635	-385.5543	501.7178	0.2509132	0.144922
10800	118.1354	-383.1609	501.2963	0.8210543	0.1805656
10806	118.9489	-382.1634	501.1122	0.8210543	0.1379395
10812	124.1137	-376.5078	500.6215	0.9250714	0.08414016
10818	119.8244	-382.5968	502.4212	0.02142382	0.3528026
10824	118.266	-384.0088	502.2748	0.07032479	0.2725927
10830	119.1089	-383.0845	502.1935	0.1095381	0.2495867
10836	114.2886	-387.7045	501.9931	0.309895	0.2495867
10842	119.2574	-382.9338	502.1912	0.1117638	0.2495867
10848	122.3652	-379.4918	501.857	0.4460168	0.2495867
10854	122.227	-379.3842	501.6111	0.6918658	0.2495867
10860	121.9044	-380.2902	502.1946	0.149361	0.2718522
10866	121.8017	-380.2262	502.0279	0.1803908	0.2095728
10872	128.0873	-373.2068	501.2941	0.6004189	0.1308173
10878	118.0408	-383.4147	501.4554	0.6750608	0.184342
10884	114.1102	-387.5527	501.6628	0.4676388	0.184342
10890	112.0538	-389.7536	501.8074	0.4281671	0.2198199
10896	107.8297	-394.4198	502.2495	0.1287475	0.294238
10902	115.2704	-386.2142	501.4846	0.4875692	0.145637
10908	116.7644	-383.239	500.0033	1.127933	0.05209725
10914	115.3289	-386.832	502.1609	0.210257	0.2892768
10920	115.6156	-386.0245	501.6401	0.4822201	0.1819815
10926	119.5262	-382.4752	502.0014	0.1209137	0.1819815
10932	119.527	-382.3253	501.8524	0.3766333	0.217281
10938	125.3457	-376.7784	502.1241	0.104874	0.217281
10944	117.1706	-384.7634	501.934	0.2314579	0.1950387
10950	112.7319	-388.9419	501.6738	0.3571477	0.1584496
10956	118.3477	-383.8337	502.1813	0.04031948	0.2144983
10962	120.5348	-381.0973	501.6321	0.568357	0.2067829
10968	128.8066	-372.5946	501.4012	0.568357	0.1450919
10974	118.8736	-382.5383	501.4119	0.7769046	0.2027434
10980	119.7477	-381.9447	501.6924	0.4964167	0.2027434
10986	122.8516	-378.884	501.7356	0.4669881	0.2075499
10992	107.7225	-394.1623	501.8848	0.2683637	0.1911493
10998	110.5081	-391.4481	501.9562	0.2024794	0.1928709
11004	111.7031	-388.4617	500.1648	1.306419	0.07691323
11010	112.0223	-387.9308	499.9531	1.406851	0.06753674
11016	117.854	-382.7639	500.618	1.006861	0.09252872
11022	110.7921	-390.1649	500.957	0.6677793	0.09252872
11028	114.8287	-386.6463	501.475	0.5545783	0.1581368
11034	121.6244	-380.1002	501.7246	0.2451429	0.1451305
11040	121.732	-380.2569	501.9889	0.2183728	0.2091925
11046	117.1561	-384.873	502.0291	0.1781275	0.2091925
11052	126.9953	-374.6641	501.6595	0.1204233	0.1124365
11058	129.4472	-372.552	501.9992	0.01120099	0.1537967
11064	127.31	-375.0472	502.3572	0.04317455	0.311145
11070	128.0716	-373.647	501.7186	0.3375369	0.1644648
11076	126.2453	-375.6056	501.8509	0.3227217	0.1976609
11082	120.4658	-380.7773	501.243	0.7002602	0.1398644
11088	120.4143	-380.6001	501.0144	0.8408648	0.1241003
11094	130.2294	-371.913	502.1423	0.08774668	0.2177007
11100	119.6289	-382.4242	502.0531	0.1694654	0.2148323
11106	124.9761	-375.9081	500.8842	0.8003231	0.09962132
11112	126.0211	-375.1516	501.1726	0.8233542	0.1506456
11118	118.9249	-382.9571	501.8819	0.4546352	0.2675505
11124	118.4163	-381.7851	500.2014	1.360912	0.08575076
11130	117.0248	-383.6359	500.6607	1.035677	0.1011185
11136	122.545	-378.2113	500.7563	1.035677	0.1142157
11142	118.104	-383.6752	501.7792	0.3699449	0.1899138
11148	124.3355	-376.4861	500.8216	0.999436	0.1186213
11154	121.4874	-378.548	500.0354	1.227367	0.06041724
11160	117.7672	-382.6534	500.4206	1.227367	0.09519983
11166	118.1337	-382.3385	500.4722	1.227367	0.1015182
11172	121.7419	-378.0838	499.8257	1.227367	0.0477626
11178	118.7588	-380.5894	499.3482	1.523995	0.03918311
11184	120.9107	-379.0353	499.946	1.372287	0.06437099
11190	124.9872	-374.9559	499.9431	1.375155	0.06437099
11196	125.5192	-375.687	501.2061	0.7703374	0.1465157
11202	113.7719	-387.2313	501.0032	0.7703374	0.1115188
11208	113.2777	-388.3979	501.6757	0.1570399	0.1204504
11214	120.3299	-379.8145	500.1444	1.136661	0.06168874
11220	125.9459	-376.3727	502.3185	0.09152735	0.3194477
11226	113.6193	-388.172	501.7913	0.5150247	0.2512593
11232	118.7225	-383.4658	502.1883	0.2656802	0.3673307
11238	123.0253	-378.77	501.7954	0.5425713	0.2683311
11244	117.8829	-384.0597	501.9426	0.2381318	0.200014
11250	116.4084	-384.9075	501.3159	0.6335942	0.14108
11256	105.5079	-395.7024	501.2103	0.7610373	0.1454539
11262	106.4044	-394.3967	500.8011	0.9863059	0.1135283
11268	109.5676	-392.2663	501.8339	0.5668708	0.311512
11274	113.6106	-387.6017	501.2123	0.8387727	0.163223
11280	119.9987	-382.1413	502.14	0.09064107	0.2179057
11286	112.1288	-389.3085	501.4374	0.5332872	0.145316
11292	111.0982	-390.8593	501.9575	0.2895157	0.2243907
11298	115.1754	-386.8778	502.0532	0.4244334	0.4079285
11304	109.5793	-392.4931	502.0724	0.09836279	0.1967466
11310	111.7924	-389.2111	501.0035	0.8834702	0.1294797
11316	108.5484	-392.8823	501.4308	0.7214914	0.1908842
11322	104.6071	-396.9091	501.5162	0.5203757	0.1597759
11328	113.0567	-388.3561	501.4128	0.7142392	0.183335
11334	114.6855	-387.4693	502.1548	0.07962371	0.2193901
11340	112.4159	-388.391	500.8069	0.8894671	0.1011124
11346	117.4277	-384.2208	501.6485	0.4692891	0.1806994
11352	116.786	-385.4101	502.1961	0.05890206	0.2276931
11358	116.2277	-386.0538	502.2815	0.08695027	0.2874348
11364	110.1701	-391.5424	501.7125	0.4267201	0.1869133
11370	111.6498	-390.6706	502.3204	0.05263856	0.2905542
11376	110.6811	-391.0218	501.7029	0.5763408	0.238281
11382	116.2687	-385.3823	501.651	0.318501	0.1450736
11388	104.8534	-397.0766	501.93	0.316265	0.2240994
11394	103.0576	-399.0466	502.1042	0.2917223	0.3075489
11400	111.1664	-390.0678	501.2343	0.8659795	0.1758351
11406	120.6333	-380.6846	501.318	0.7497087	0.167336
11412	116.3073	-384.9234	501.2308	0.6333827	0.125579
11418	118.1025	-383.8837	501.9862	0.3953565	0.2966186
11424	120.3145	-380.8144	501.129	0.9751701	0.1768973
11430	119.5489	-381.7485	501.2974	0.7576387	0.1642034
11436	120.5614	-380.9318	501.4932	0.665333	0.1928451
11442	111.3538	-390.9722	502.326	0.1251048	0.3634787
11448	112.987	-388.5845	501.5715	0.5025438	0.1689414
11454	117.9837	-383.609	501.5927	0.4151892	0.153247
11460	120.0955	-381.9147	502.0102	0.175503	0.2016712
11466	125.9579	-375.8741	501.8321	0.2928442	0.1827246
11472	117.9286	-384.1263	502.055	0.3542537	0.3187055
11478	115.1167	-387.1045	502.2212	0.07333068	0.2454277
11484	109.9826	-392.292	502.2745	0.04451742	0.2578612
11490	106.992	-395.3758	502.3678	0.05845525	0.3347335
11496	111.9729	-390.1537	502.1266	0.3092754	0.3449621
11502	102.3415	-399.8646	502.2061	0.1560995	0.283269
11508	106.156	-395.087	501.243	0.6749652	0.1350655
11514	104.4246	-397.8009	502.2255	0.1220549	0.2740439
11520	110.4015	-391.4378	501.8393	0.4113235	0.2259038
11526	103.8526	-397.7572	501.6098	0.5203824	0.1842527
11532	106.4956	-395.5286	502.0242	0.3762731	0.3112451
11538	109.9419	-391.4681	501.4099	0.4863499	0.131127
11544	119.0889	-382.7259	501.8147	0.427571	0.2224991
11550	106.8063	-395.1854	501.9917	0.09757727	0.1728923
11556	104.4725	-397.8071	502.2795	0.212191	0.4504844
11562	110.4171	-391.7356	502.1527	0.06645237	0.2135675
11568	116.8964	-385.4764	502.3728	0.07691543	0.3616105
11574	123.6372	-377.7819	501.4192	0.4889083	0.1332476
11580	118.045	-381.3378	499.3828	1.5148	0.04027775
11586	120.2738	-381.0476	501.3214	0.7661819	0.1724616
11592	115.7371	-384.9104	500.6475	1.08234	0.1054671
11598	118.7906	-382.3426	501.1331	0.8867942	0.1559364
11604	122.1376	-379.4707	501.6083	0.5605008	0.1960998
11610	121.1432	-380.2783	501.4215	0.7069155	0.1837532
11616	115.7789	-384.369	500.1479	1.099256	0.05935189
11622	118	-381.975	499.975	1.436347	0.07169229
11628	107.9419	-392.1012	500.0431	1.28402	0.06502543
11634	115.6071	-383.9193	499.5264	1.28402	0.03664834
11640	115.9444	-383.7875	499.7319	1.299219	0.04661677
11646	106.5581	-393.6926	500.2507	1.05769	0.06364182
11652	109.734	-390.7435	500.4775	1.05769	0.08299998
11658	111.5803	-389.718	501.2983	0.5604708	0.1246872
11664	118.4892	-383.5864	502.0756	0.1457877	0.214382
11670	118.9099	-382.6186	501.5285	0.6651471	0.204402
11676	131.7882	-370.2753	502.0634	0.1923278	0.2280281
11682	125.8216	-375.8337	501.6553	0.5545473	0.2101462
11688	122.7016	-379.2565	501.958	0.3023933	0.2299989
11694	121.8814	-380.3929	502.2743	0.01691829	0.2438512
11700	119.4222	-382.8837	502.3059	0.04021383	0.2731919
11706	104.1969	-398.0173	502.2141	0.1134543	0.2624897
11712	118.8618	-382.3221	501.1838	0.6718984	0.1241811
11718	117.6066	-384.024	501.6307	0.4678899	0.175376
11724	120.1432	-381.9641	502.1074	0.1066333	0.2116507
11730	115.4331	-386.4863	501.9194	0.1432445	0.1660802
11736	115.8798	-386.3605	502.2403	0.1055095	0.2729832
11742	113.0599	-388.1867	501.2466	0.7222357	0.1449444
11748	115.9554	-385.6962	501.6516	0.5061468	0.1925773
11754	121.8939	-379.4087	501.3027	0.9058203	0.2096411
11760	124.8182	-376.6195	501.4377	0.6106248	0.1625742
11766	116.7876	-385.3285	502.1161	0.09512502	0.210636
11772	111.597	-390.1567	501.7537	0.5649527	0.2576226
11778	117.7066	-382.2806	499.9871	1.211089	0.05615898
11784	120.4016	-380.9697	501.3713	0.68958	0.1656434
11790	118.323	-383.2735	501.5965	0.665223	0.2305526
11796	122.2218	-379.7336	501.9554	0.4224642	0.293933
11802	118.4465	-383.4331	501.8796	0.2616705	0.1875382
11808	120.6078	-379.7597	500.3675	1.236607	0.09021609
11814	120.7787	-379.8862	500.6649	0.9392725	0.09021609
11820	126.9441	-373.9683	500.9124	1.03579	0.1408145
11826	121.6832	-379.8414	501.5246	0.4757147	0.1515816
11832	122.3823	-378.7968	501.1791	0.7245734	0.1324518
11838	123.7852	-377.2454	501.0305	0.7228304	0.1086725
11844	123.106	-378.1478	501.2538	0.6902246	0.1400044
11850	121.5848	-380.561	502.1458	0.09579975	0.2222074
11856	121.1168	-380.9308	502.0476	0.2044371	0.2264856
11862	116.1174	-385.9974	502.1147	0.1373341	0.2264856
11868	121.0346	-381.1953	502.2299	0.2361136	0.3856736
11874	119.9857	-382.4112	502.3969	0.05208222	0.3606703
11880	128.7211	-373.6104	502.3316	0.07387618	0.3154328
11886	128.2829	-373.6781	501.961	0.02000944	0.1474645
11892	119.3485	-383.0724	502.4209	0.03774862	0.3741151
11898	120.2384	-381.882	502.1204	0.2842862	0.3148154
11904	123.6649	-378.481	502.1459	0.2588646	0.3148154
11910	120.0642	-380.8758	500.94	0.8512549	0.1141075
11916	128.9701	-372.1789	501.149	0.9547343	0.1767754
11922	121.0461	-379.7903	500.8364	0.9547343	0.1140857
11928	127.5938	-373.2426	500.8364	0.9547343	0.1140857
11934	132.9491	-368.5239	501.473	0.7602	0.2188911
11940	125.4054	-376.503	501.9084	0.2914197	0.206547
11946	123.4166	-377.9454	501.362	0.5776921	0.1391567
11952	120.1294	-381.4392	501.5686	0.6608507	0.217456
11958	122.1201	-379.1558	501.2758	0.7258663	0.1518822
11964	122.8889	-378.6173	501.5062	0.7795311	0.2412816
11970	120.885	-381.0562	501.9412	0.2658374	0.2091207
11976	122.3925	-379.6926	502.0852	0.179725	0.2319036
11982	126.7107	-375.3914	502.1021	0.2057002	0.251999
11988	125.494	-376.488	501.982	0.3787806	0.2823525
11994	114.6136	-387.7001	502.3137	0.05543949	0.2878888
12000	114.6906	-387.1808	501.8715	0.4977023	0.2878888
12006	108.5301	-392.9427	501.4728	0.6907558	0.1944241
12012	110.9993	-390.5556	501.5549	0.6086235	0.1944241
12018	111.3128	-389.6924	501.0052	1.031494	0.1597925
12024	115.3733	-385.4039	500.7771	1.016581	0.1144683
12030	112.493	-388.6308	501.1238	0.8553725	0.1470789
12036	119.8582	-380.7719	500.6301	1.034696	0.0972098
12042	122.4983	-378.8898	501.3881	0.6807707	0.1676397
12048	123.26	-378.4871	501.7471	0.4382468	0.2015644
12054	123.3791	-378.2513	501.6303	0.5550139	0.2015644
12060	116.6019	-383.59	500.1918	1.339569	0.08262411
12066	117.2315	-382.7016	499.9331	1.384697	0.06433631
12072	117.0009	-383.2376	500.2385	1.017646	0.05995929
12078	119.9038	-381.7351	501.6388	0.2511648	0.1300149
12084	117.872	-382.2726	500.1446	1.172445	0.06427724
12090	123.0859	-376.8709	499.9568	1.226948	0.05525042
12096	122.143	-378.8001	500.9431	0.6979767	0.09440084
12102	117.0432	-385.1807	502.2239	0.151236	0.292008
12108	116.3014	-385.5921	501.8935	0.389531	0.2399901
12114	122.4075	-379.7221	502.1296	0.1726033	0.2491838
12120	124.4425	-376.9365	501.379	0.6487026	0.1577194
12126	120.9244	-380.2981	501.2226	0.6991118	0.1357482
12132	121.918	-379.1969	501.1149	0.8067402	0.1357482
12138	122.4861	-379.6434	502.1295	0.151603	0.2391423
12144	114.1432	-388.0551	502.1983	0.08287979	0.2391423
12150	120.0254	-381.6129	501.6383	0.4182698	0.1645663
12156	118.7072	-382.3141	501.0213	0.8740665	0.1309645
12162	120.4763	-380.5521	501.0284	0.7986669	0.1195587
12168	118.6875	-382.5977	501.2852	0.6722956	0.1426654
12174	116.4626	-385.6722	502.1348	0.1604382	0.2457612
12180	116.9417	-385.2771	502.2187	0.1430957	0.2830187
12186	116.2814	-386.0249	502.3063	0.05557853	0.2830187
12192	109.1579	-393.1357	502.2936	0.1519107	0.3562604
12198	111.4297	-390.4566	501.8862	0.246133	0.1848981
12204	112.3571	-389.3407	501.6978	0.4942369	0.2038422
12210	112.9052	-388.8603	501.7655	0.527783	0.2448311
12216	111.9518	-389.1111	501.0629	0.8324934	0.1309649
12222	106.144	-394.757	500.901	0.8324934	0.1059551
12228	120.4597	-381.6994	502.1591	0.1403732	0.2478196
12234	116.2775	-384.3456	500.6231	0.7988096	0.07258024
12240	119.8425	-382.2347	502.0772	0.1668794	0.2232181
12246	119.0932	-382.5377	501.6309	0.4506433	0.1708756
12252	122.5461	-379.4815	502.0276	0.05393429	0.1708756
12258	112.9422	-387.9247	500.8669	0.7426372	0.0908135
12264	111.2259	-390.4895	501.7154	0.5836364	0.2476115
12270	117.13	-384.7504	501.8804	0.4618	0.2708302
12276	113.0004	-388.8608	501.8611	0.4823969	0.2716184
12282	115.5238	-386.7008	502.2246	0.1863115	0.3202292
12288	113.6798	-388.3448	502.0246	0.1850759	0.2100846
12294	109.4061	-392.7161	502.1222	0.1356962	0.2289134
12300	113.828	-387.2205	501.0485	0.6525807	0.1017122
12306	113.8674	-388.3468	502.2142	0.1904973	0.3147816
12312	117.1198	-384.4643	501.5841	0.6061559	0.20323
12318	124.6615	-377.4867	502.1482	0.1258443	0.2359123
12324	126.5892	-375.4517	502.0409	0.2445997	0.2411568
12330	130.3234	-371.6484	501.9717	0.362592	0.2662619
12336	123.9816	-378.1044	502.086	0.2415897	0.262507
12342	120.0749	-381.7328	501.8077	0.4691787	0.2372019
12348	122.337	-379.625	501.962	0.4410563	0.3133978
12354	115.7241	-385.7713	501.4953	0.725144	0.214055
12360	129.0618	-373.1431	502.2049	0.06997503	0.2363082
12366	120.235	-381.2727	501.5077	0.4596437	0.1446506
12372	119.1633	-382.9242	502.0875	0.2632507	0.2760015
12378	120.2409	-381.1746	501.4156	0.4723659	0.1296525
12384	122.9617	-378.1992	501.1609	0.5305028	0.1004835
12390	117.7024	-384.0165	501.7189	0.5000978	0.2134875
12396	114.5057	-386.5966	501.1023	0.7103374	0.1173211
12402	114.3939	-386.5395	500.9334	0.7103374	0.09470424
12408	117.5945	-384.3596	501.954	0.3622998	0.2564132
12414	121.3015	-379.9679	501.2695	0.1649114	0.07364826
12420	124.2045	-377.4895	501.694	0.4172516	0.1788629
12426	120.7623	-381.2587	502.0209	0.4087634	0.3382947
12432	122.0968	-379.8722	501.9691	0.4200148	0.3022129
12438	116.5609	-385.2358	501.7967	0.4200148	0.2126465
12444	127.6171	-373.9884	501.6055	0.4656353	0.1681948
12450	111.7786	-390.3677	502.1463	0.1225209	0.2336377
12456	107.6964	-394.1561	501.8525	0.5470103	0.3104931
12462	112.7225	-389.1003	501.8229	0.5929345	0.3246438
12468	113.6444	-388.8067	502.4511	0.03937579	0.4449775
12474	125.3718	-377.052	502.4237	0.008622464	0.3410957
12480	118.5021	-383.0723	501.5743	0.55362	0.183611
12486	120.5405	-380.7873	501.3278	0.8002041	0.183611
12492	120.4596	-380.9765	501.4362	0.6583505	0.1742943
12498	115.9885	-385.4356	501.4241	0.4142371	0.1213443
12504	114.6358	-386.8116	501.4474	0.6157223	0.1661977
12510	108.4522	-393.4337	501.8859	0.422313	0.2522126
12516	114.4377	-387.3191	501.7567	0.4600254	0.2126635
12522	116.743	-385.1295	501.8725	0.4545368	0.2621561
12528	116.4446	-384.9965	501.4411	0.6408223	0.1709655
12534	117.6176	-383.6348	501.2525	0.7879405	0.1606814
12540	117.742	-384.0026	501.7446	0.4259373	0.1966552
12546	107.3868	-394.7591	502.1459	0.02457041	0.1966552
12552	111.8424	-389.2912	501.1335	0.7498378	0.1288622
12558	114.9858	-386.1477	501.1335	0.7498378	0.1288622
12564	114.7652	-386.3684	501.1335	0.7498378	0.1288622
12570	102.8735	-399.2336	502.1071	0.1503142	0.2287142
12576	101.3424	-400.9035	502.2459	0.01153882	0.2287142
12582	114.1479	-387.875	502.0229	0.2636251	0.2416368
12588	113.6961	-387.4551	501.1511	0.8113584	0.1436617
12594	114.8688	-387.4124	502.2812	0.1645517	0.3565918
12600	106.284	-395.1263	501.4102	0.6666258	0.1696686
12606	111.7844	-389.8865	501.6708	0.4058576	0.1696218
12612	114.9196	-387.3862	502.3058	0.06553715	0.2893661
12618	119.1449	-382.907	502.052	0.3894887	0.3513452
12624	121.1174	-380.9201	502.0375	0.04758973	0.1717863
12630	119.4518	-382.7573	502.2091	0.1165953	0.2614684
12636	121.4688	-378.9865	500.4554	1.071895	0.08221392
12642	119.8188	-381.0647	500.8835	1.071895	0.1422381
12648	120.8247	-381.1178	501.9425	0.06896566	0.1540267
12654	122.7493	-379.0115	501.7608	0.4053354	0.1952542
12660	124.4787	-377.5451	502.0238	0.1423662	0.1952542
12666	120.796	-381.0223	501.8183	0.5327661	0.2761636
12672	117.4559	-384.7286	502.1845	0.2143169	0.3098754
12678	117.9765	-382.9767	500.9532	0.8170751	0.111059
12684	113.8189	-387.5796	501.3985	0.6061317	0.1525188
12690	125.2623	-376.7405	502.0028	0.2829641	0.2412989
12696	119.0252	-382.4283	501.4535	0.604982	0.1650477
12702	124.6586	-377.5893	502.2479	0.07403567	0.2593986
12708	112.1067	-390.0076	502.1143	0.1361358	0.225808
12714	113.3175	-388.8331	502.1507	0.06064291	0.2106619
12720	113.4533	-388.1369	501.5903	0.6544217	0.2234745
12726	114.1717	-385.0686	499.2402	1.699318	0.04216126
12732	124.5737	-375.1011	499.6747	1.443914	0.05136883
12738	122.6602	-377.2365	499.8967	1.268166	0.05408972
12744	115.3311	-384.6858	500.0168	1.268166	0.06196516
12750	120.0428	-380.1058	500.1486	1.180268	0.06515853
12756	124.6892	-375.7651	500.4543	1.180268	0.09363984
12762	131.355	-370.1039	501.4589	0.6341335	0.1738999
12768	121.1124	-380.3954	501.5079	0.6712052	0.1994666
12774	122.291	-379.2488	501.5398	0.5022762	0.1610842
12780	119.2546	-382.3983	501.6528	0.3850376	0.1600774
12786	123.0886	-379.1839	502.2726	0.09666084	0.2879254
12792	124.5452	-377.4621	502.0074	0.3362242	0.271648
12798	121.5888	-379.4881	501.077	0.6408603	0.1038779
12804	125.3866	-376.6628	502.0494	0.1748546	0.2154647
12810	123.142	-378.0983	501.2403	0.7684047	0.1534267
12816	115.3739	-386.8372	502.2111	0.0393896	0.2258288
12822	119.5977	-382.2366	501.8343	0.33222	0.1953759
12828	116.0913	-385.0071	501.0983	0.6529943	0.1083899
12834	120.9827	-380.5382	501.5209	0.6529943	0.1977516
12840	118.7781	-383.551	502.3291	0.03602964	0.2851554
12846	117.2233	-384.3814	501.6047	0.4502523	0.1641809
12852	121.9249	-379.5417	501.4666	0.7271177	0.2044344
12858	137.3432	-365.042	502.3852	0.05708482	0.3523553
12864	130.8916	-371.3163	502.2079	0.135337	0.2714256
12870	127.0552	-375.0482	502.1034	0.219735	0.2600519
12876	129.5294	-372.4907	502.0202	0.3029854	0.2600519
12882	132.0588	-370.1514	502.2102	0.1454219	0.2790115
12888	129.9484	-371.1752	501.1236	0.857036	0.1473845
12894	128.9241	-372.3785	501.3026	0.6152757	0.1350424
12900	128.3483	-373.2785	501.6268	0.5610609	0.2024224
12906	124.3383	-377.8813	502.2196	0.1824129	0.3125394
12912	123.6631	-378.3376	502.0007	0.2173994	0.2131526
12918	124.1094	-376.8234	500.9328	0.7344569	0.09751031
12924	122.7421	-377.8651	500.6072	0.9338546	0.08358444
12930	122.6356	-378.4579	501.0935	0.8055529	0.1316189
12936	116.8046	-384.4779	501.2825	0.6817509	0.144014
12942	106.6771	-394.4676	501.1447	0.4486995	0.08904218
12948	112.0197	-389.3952	501.4149	0.7857763	0.2068494
12954	118.7196	-382.5608	501.2804	0.7103282	0.1495192
12960	117.6837	-384.197	501.8807	0.2678419	0.1897311
12966	118.7234	-383.375	502.0984	0.1538376	0.2265655
12972	110.198	-391.1595	501.3575	0.7624578	0.1813133
12978	104.7893	-396.8013	501.5906	0.5362791	0.183285
12984	103.5012	-398.5107	502.0119	0.1972836	0.2098914
12990	115.9204	-386.3675	502.2879	0.09057403	0.2943593
12996	116.9937	-385.1059	502.0996	0.2110637	0.2534603
13002	112.4338	-389.4652	501.899	0.5065972	0.3155249
13008	114.663	-386.7946	501.4576	0.5979727	0.1643256
13014	115.8165	-385.5995	501.4159	0.7505026	0.1953448
13020	117.3408	-383.5174	500.8582	0.9176595	0.1118591
13026	113.0597	-387.7612	500.821	0.9549124	0.1118591
13032	106.893	-393.9279	500.821	0.9549124	0.1118591
13038	107.4691	-393.2627	500.7318	1.014214	0.1076583
13044	116.8301	-384.0555	500.8856	0.8750678	0.1096932
13050	122.6314	-379.1488	501.7802	0.3212421	0.1761639
13056	120.4965	-381.3402	501.8367	0.5069954	0.2717168
13062	116.5063	-385.6899	502.1962	0.06392543	0.2298793
13068	115.8447	-386.0847	501.9294	0.3533003	0.2398755
13074	120.6438	-381.0594	501.7032	0.4312821	0.1855253
13080	121.0326	-380.874	501.9066	0.227902	0.1855253
13086	120.9157	-379.8378	500.7535	0.7958861	0.08442543
13092	126.5621	-374.1939	500.756	1.031945	0.1136157
13098	120.2256	-380.6838	500.9095	0.8784835	0.1136157
13104	118.2871	-383.0816	501.3687	0.4610794	0.1199896
13110	121.1797	-380.2838	501.4635	0.5719943	0.159514
13116	116.1202	-384.7699	500.8901	1.013216	0.1323886
13122	129.0271	-371.7628	500.7899	1.041289	0.1202144
13128	124.0526	-376.8259	500.8785	1.041289	0.1353945
13134	128.0391	-373.5946	501.6337	0.5684061	0.2073556
13140	125.2444	-376.4643	501.7086	0.218406	0.1367564
13146	123.5146	-378.7373	502.2518	0.1322577	0.2984788
13152	112.3912	-388.8222	501.2135	0.6439231	0.1244576
13158	106.8417	-394.5077	501.3493	0.6302847	0.147174
13164	112.4084	-389.3646	501.773	0.3460934	0.1810668
13170	118.411	-383.9498	502.3608	0.06382899	0.3331207
13176	109.1984	-393.009	502.2075	0.2855509	0.4569147
13182	117.2289	-384.7836	502.0125	0.1372303	0.1901158
13188	117.9389	-383.9477	501.8866	0.04125934	0.1369107
13194	120.8836	-381.3954	502.2791	0.0360995	0.2558044
13200	120.5253	-381.7885	502.3137	0.001425071	0.2558044
13206	114.8127	-387.4966	502.3093	0.1266049	0.3449667
13212	126.8269	-374.2901	501.117	0.7262069	0.122133
13218	126.8908	-375.0481	501.9389	0.4157899	0.2784179
13224	124.3853	-377.2117	501.597	0.6500614	0.2244454
13230	125.953	-376.0459	501.9988	0.2862916	0.2409791
13236	133.1261	-368.5792	501.7052	0.4313592	0.1861451
13242	122.1052	-379.403	501.5082	0.5820592	0.17315
13248	124.0809	-376.8759	500.9568	0.8921544	0.123065
13254	117.8007	-383.3485	501.1492	0.6597031	0.1167528
13260	125.2137	-376.9438	502.1575	0.1638981	0.2591095
13266	120.0096	-381.4043	501.414	0.5704788	0.1481819
13272	118.4999	-382.6861	501.1861	0.6396211	0.1193445
13278	112.6463	-388.6701	501.3164	0.6396211	0.14237
13284	123.4602	-377.5559	501.0161	0.8640349	0.1283051
13290	125.2487	-375.7674	501.0161	0.8640349	0.1283051
13296	119.8414	-381.2204	501.0618	0.8980918	0.1431287
13302	122.1585	-378.4166	500.5751	0.8980918	0.07708968
13308	125.068	-375.8833	500.9513	0.8361022	0.1135294
13314	126.8158	-375.0894	501.9053	0.3622159	0.2330392
13320	123.0832	-378.8731	501.9563	0.22501	0.200226
13326	124.27	-377.7733	502.0433	0.1804383	0.2152685
13332	116.2297	-386.1144	502.3441	0.03708174	0.296305
13338	115.1623	-386.7837	501.946	0.3010371	0.2244266
13344	117.0466	-384.4826	501.5293	0.7177996	0.2244266
13350	118.2693	-383.0426	501.3119	0.7986424	0.1786691
13356	120.0811	-381.0017	501.0829	0.7629669	0.1225604
13362	117.5155	-384.2346	501.7501	0.4426915	0.2041028
13368	122.4506	-378.5637	501.0142	0.9148626	0.1371393
13374	122.5451	-378.6324	501.1775	0.7689986	0.1404818
13380	128.0836	-373.9291	502.0126	0.3911554	0.3140273
13386	116.2737	-385.7374	502.0112	0.2627177	0.2358555
13392	120.1342	-382.056	502.1902	0.2086377	0.3098804
13398	106.7066	-395.5271	502.2337	0.2015111	0.3441801
13404	105.6979	-396.7635	502.4614	0.01006928	0.395347
13410	111.4865	-390.8245	502.311	0.1303447	0.3512026
13416	109.6599	-392.1894	501.8493	0.4181899	0.2330449
13422	118.2713	-383.8307	502.102	0.2160343	0.2573115
13428	122.3436	-379.4125	501.7561	0.4506581	0.2090307
13434	116.7401	-385.4574	502.1975	0.1478289	0.272712
13440	119.4712	-382.3595	501.8307	0.4169417	0.2246548
13446	125.1254	-377.0975	502.2229	0.2723521	0.4715892
13452	130.4427	-371.6869	502.1296	0.2761252	0.3156354
13458	118.4205	-383.2401	501.6605	0.5055937	0.1952418
13464	114.7051	-385.9154	500.6206	1.170983	0.1141477
13470	106.7284	-394.1251	500.8534	0.7561787	0.09081877
13476	110.275	-390.9971	501.2721	0.897619	0.1963853
13482	107.032	-394.8718	501.9038	0.4656225	0.288077
13488	109.6649	-392.0832	501.7481	0.4656225	0.2115559
13494	112.1709	-388.2168	500.3877	1.038997	0.07299271
13500	114.6426	-386.4752	501.1178	0.7466022	0.1256163
13506	110.7496	-391.3457	502.0954	0.2094165	0.250493
13512	110.1461	-391.9655	502.1116	0.2685837	0.2955737
13518	111.174	-390.7975	501.9715	0.4086627	0.2955737
13524	115.6559	-386.0552	501.7111	0.5957335	0.2515144
13530	120.3099	-381.9882	502.2981	0.008744432	0.2515144
13536	118.1635	-384.2101	502.3736	0.02692182	0.3113245
13542	117.3066	-384.4637	501.7703	0.3717594	0.1877794
13548	118.6933	-382.9853	501.6785	0.5311551	0.2100774
13554	118.913	-383.0411	501.9541	0.2167749	0.1967725
13560	119.9308	-381.6574	501.5882	0.6914765	0.2384916
13566	119.3374	-381.8833	501.2207	0.6914765	0.1339933
13572	115.5622	-384.7284	500.2906	1.155243	0.07464695
13578	116.7385	-384.3482	501.0867	0.8880185	0.1461611
13584	113.4162	-387.4576	500.8738	0.8880185	0.109862
13590	115.1222	-386.7003	501.8225	0.4207799	0.2229036
13596	119.4096	-382.3297	501.7392	0.5040487	0.2229036
13602	113.6822	-387.7671	501.4492	0.5732408	0.1565156
13608	116.9742	-384.5439	501.5181	0.4574873	0.1463336
13614	120.4792	-381.3442	501.8234	0.5127458	0.2673201
13620	121.0483	-381.0495	502.0979	0.2251796	0.2600022
13626	122.9102	-379.0249	501.9351	0.1306644	0.166846
13632	121.557	-380.0472	501.6043	0.04256418	0.09506803
13638	126.8273	-374.7127	501.5401	0.4329322	0.1457993
13644	124.9309	-376.1159	501.0468	0.7890648	0.1209512
13650	119.1125	-382.4631	501.5756	0.6385673	0.2117
13656	108.6586	-393.3451	502.0037	0.05628438	0.1654031
13662	119.486	-382.6194	502.1054	0.2705593	0.2925744
13668	115.2217	-386.5744	501.7961	0.2634872	0.1653033
13674	120.101	-382.0133	502.1143	0.2634872	0.2939067
13680	122.8729	-379.5161	502.389	0.07382953	0.380419
13686	116.0899	-385.8856	501.9755	0.08847804	0.1664027
13692	125.715	-375.6341	501.3491	0.5069001	0.124225
13698	121.0862	-378.9572	500.0434	0.9211102	0.04332819
13704	124.754	-375.0482	499.8022	1.336312	0.05252108
13710	118.4208	-382.4998	500.9206	0.9684959	0.1298543
13716	124.8001	-375.8055	500.6056	0.9684959	0.08698039
13722	121.1674	-380.8975	502.0649	0.1988697	0.2314047
13728	112.3821	-388.9643	501.3464	0.8636914	0.2102202
13734	126.5666	-375.3	501.8666	0.5235244	0.3030444
13740	118.4853	-383.0537	501.539	0.6585494	0.2057557
13746	124.8385	-377.1693	502.0079	0.1896699	0.2057557
13752	127.7806	-374.334	502.1147	0.1829538	0.2469448
13758	121.1588	-380.7296	501.8883	0.5129114	0.3119091
13764	128.4435	-373.0763	501.5198	0.4857672	0.1527349
13770	121.4652	-380.326	501.7912	0.4857672	0.2372293
13776	120.6655	-380.9633	501.6288	0.6365175	0.2320735
13782	121.8848	-379.9376	501.8224	0.4822699	0.2504252
13788	114.1048	-388.01	502.1147	0.2110214	0.2614726
13794	113.2433	-388.8476	502.0909	0.2348021	0.2614726
13800	110.5498	-391.3	501.8497	0.4825917	0.2651378
13806	107.204	-395.0667	502.2707	0.2111024	0.4178901
13812	109.2961	-393.1149	502.411	0.07910809	0.4435049
13818	110.569	-391.3719	501.9409	0.2376927	0.1993042
13824	106.0045	-396.2014	502.2059	0.2896282	0.4739799
13830	110.4476	-391.5338	501.9813	0.3553637	0.2676282
13836	113.1372	-388.6535	501.7907	0.492287	0.2399906
13842	118.4964	-383.2417	501.7381	0.2115716	0.1411001
13848	127.8398	-374.4865	502.3263	0.04919389	0.2922635
13854	125.5931	-376.0303	501.6234	0.5176396	0.1874633
13860	125.1972	-376.887	502.0842	0.1863858	0.2343779
13866	127.018	-374.6645	501.6825	0.4467235	0.1839856
13872	132.2102	-369.0432	501.2534	0.7208627	0.1460628
13878	127.7993	-374.0496	501.8489	0.4154927	0.2316895
13884	115.0468	-386.7728	501.8197	0.5773726	0.3084763
13890	110.1582	-391.0864	501.2447	0.7905865	0.1594608
13896	111.0584	-390.7922	501.8506	0.1433619	0.1501971
13902	98.14163	-403.777	501.9186	0.274688	0.2042849
13908	110.7987	-389.6069	500.4056	0.9284997	0.06554879
13914	116.778	-383.9381	500.7161	0.9544485	0.09790213
13920	121.5928	-379.2396	500.8324	0.7619536	0.08914493
13926	117.2392	-383.069	500.3081	1.141538	0.07498535
13932	118.815	-381.8209	500.6359	0.9436283	0.08755488
13938	123.672	-377.94	501.612	0.48784	0.1757299
13944	122.6868	-379.0538	501.7406	0.3552142	0.1746462
13950	110.5197	-391.0431	501.5628	0.6994765	0.2307877
13956	106.2214	-394.7048	500.9262	0.829537	0.1090011
13962	107.3878	-393.4617	500.8495	0.9408503	0.1139642
13968	114.0469	-386.5324	500.5793	0.9408503	0.08152097
13974	107.3113	-391.754	499.0653	1.715674	0.03550243
13980	108.4648	-390.4473	498.9121	1.715674	0.03013343
13986	111.8244	-385.2749	497.0993	2.428874	0.009631645
13992	119.1851	-378.1376	497.3227	2.32001	0.0108262
13998	116.2931	-381.5083	497.8015	2.32001	0.01771761
14004	113.1247	-387.0549	500.1796	1.403632	0.0879499
14010	116.7881	-383.0606	499.8487	1.442176	0.06238383
14016	116.8904	-382.7297	499.6201	1.442176	0.04824961
14022	121.4437	-379.2241	500.6677	0.8899685	0.08527477
14028	118.1981	-382.7894	500.9874	0.8440001	0.120245
14034	114.8132	-387.1524	501.9656	0.1201451	0.1719696
14040	117.9017	-383.8984	501.8	0.3814718	0.200271
14046	121.6711	-379.7391	501.4102	0.5864396	0.1507766
14052	116.6973	-384.5775	501.2748	0.6225255	0.131312
14058	117.8042	-384.0902	501.8944	0.3010323	0.205018
14064	118.3351	-383.7486	502.0837	0.3184428	0.3126564
14070	124.624	-377.4355	502.0595	0.3184428	0.2939846
14076	114.7234	-386.1844	500.9078	0.7992975	0.1024823
14082	114.4932	-387.5223	502.0154	0.09786337	0.179432
14088	122.0622	-379.0345	501.0967	0.914136	0.1539015
14094	120.9105	-379.715	500.6255	0.8551363	0.07777188
14100	124.9908	-376.6271	501.6178	0.5912204	0.2098407
14106	126.2849	-375.876	502.1609	0.1723764	0.2656459
14112	124.0953	-378.0162	502.1116	0.2216747	0.2656459
14118	123.3712	-378.6622	502.0334	0.2998281	0.2656459
14124	115.3895	-386.6415	502.031	0.3323988	0.284011
14130	110.6909	-389.5492	500.2401	1.448558	0.1001392
14136	126.3122	-373.916	500.2282	1.032018	0.06024266
14142	128.2338	-372.4169	500.6507	1.032018	0.09940349
14148	119.223	-381.4471	500.6701	0.7111724	0.06922305
14154	124.1749	-375.6605	499.8354	1.372208	0.05675351
14160	119.1038	-380.8121	499.9159	1.507244	0.07268893
14166	124.8682	-375.6957	500.5639	1.048509	0.09112668
14172	131.0763	-369.8564	500.9327	0.817367	0.1082146
14178	123.5886	-376.5203	500.1089	1.100056	0.05684356
14184	120.0936	-380.1574	500.251	1.015388	0.06066151
14190	129.4311	-371.9628	501.3938	0.8073689	0.2070416
14196	128.7029	-372.3327	501.0356	0.8073689	0.1220983
14202	126.8827	-374.2559	501.1386	0.868328	0.1530321
14208	120.775	-380.5259	501.3009	0.9015126	0.2074605
14214	117.2792	-384.6869	501.9661	0.3580598	0.2605955
14220	113.6026	-388.6115	502.214	0.1103823	0.2607512
14226	120.2058	-382.0325	502.2383	0.005573918	0.2231541
14232	125.1234	-377.2155	502.339	0.1021118	0.3509255
14238	124.347	-377.6066	501.9536	0.4659247	0.3281457
14244	124.9244	-377.5346	502.459	0.02560301	0.4254957
14250	121.7527	-380.1217	501.8744	0.3733866	0.2247318
14256	122.7884	-378.6183	501.4067	0.4891203	0.13105
14262	124.181	-377.7072	501.8882	0.2301132	0.180838
14268	122.9007	-378.9819	501.8826	0.4420623	0.2608851
14274	122.8324	-378.9875	501.82	0.5145913	0.2663904
14280	121.288	-380.5759	501.8639	0.4706449	0.2663904
14286	119.9486	-381.3117	501.2603	0.5170958	0.1120752
14292	129.616	-372.5192	502.1353	0.2282101	0.2840878
14298	129.6089	-372.128	501.7369	0.5853169	0.259553
14304	129.5263	-372.2851	501.8114	0.3699425	0.2002341
14310	122.9462	-378.1796	501.1257	0.8262695	0.1415679
14316	121.392	-380.4791	501.8711	0.3535967	0.2156563
14322	124.5818	-377.0515	501.6333	0.542443	0.1983654
14328	115.9801	-385.1865	501.1666	0.6668768	0.1205807
14334	112.6292	-389.202	501.8312	0.3328269	0.194569
14340	111.6418	-390.3314	501.9733	0.2100556	0.200881
14346	122.477	-379.7144	502.1914	0.1467986	0.268482
14352	115.2835	-386.7785	502.062	0.2059771	0.2332311
14358	117.6958	-384.2196	501.9154	0.4020308	0.2569827
14364	117.8056	-384.42	502.2256	0.2250195	0.3628272
14370	111.8642	-389.8412	501.7054	0.4911125	0.2053952
14376	115.795	-385.4284	501.2234	0.7648752	0.1489907
14382	109.0131	-392.7199	501.733	0.631788	0.2849364
14388	115.362	-386.7577	502.1197	0.2921165	0.3210315
14394	120.6017	-381.7877	502.3895	0.02236079	0.3210315
14400	117.3135	-385.0768	502.3904	0.07482285	0.3842838
14406	121.1283	-381.0353	502.1636	0.1232907	0.2417995
14412	121.7119	-379.925	501.6369	0.5059343	0.1880185
14418	111.3618	-390.2052	501.567	0.6619979	0.2172712
14424	111.4225	-389.4216	500.8442	0.7878521	0.09334814
14430	115.0407	-385.9675	501.0082	0.7878521	0.1148072
14436	111.4118	-389.7417	501.1535	0.6425311	0.1148072
14442	117.1779	-384.8935	502.0713	0.3111105	0.2972657
14448	115.7386	-386.6234	502.362	0.08911908	0.3634549
14454	116.6204	-385.652	502.2724	0.1018415	0.2913659
14460	113.6799	-388.402	502.0819	0.2922861	0.2913659
14466	116.3735	-385.5992	501.9727	0.3703331	0.2713268
14472	114.8634	-387.2418	502.1053	0.2705633	0.2925114
14478	113.2663	-388.4478	501.7141	0.4343821	0.1897325
14484	116.01	-385.0282	501.0382	0.8340592	0.1269419
14490	113.1125	-387.7262	500.8387	0.9072813	0.107649
14496	109.3618	-392.6062	501.968	0.4103686	0.2942771
14502	122.7954	-378.5968	501.3922	0.7118761	0.1768775
14508	124.2421	-377.1548	501.3969	0.6427996	0.1605167
14514	119.2823	-382.6882	501.9705	0.1963808	0.1954864
14520	113.6372	-387.7742	501.4115	0.594093	0.1527249
14526	122.2427	-379.3334	501.5761	0.6936327	0.2340337
14532	118.2972	-383.4573	501.7545	0.361396	0.1801501
14538	109.5966	-392.2427	501.8394	0.2442789	0.1714215
14544	116.8366	-385.3046	502.1412	0.1277764	0.2336932
14550	111.2874	-391.1125	502.4	0.04649687	0.3574913
14556	105.8694	-395.3067	501.1761	0.7370451	0.1341706
14562	101.1386	-400.4392	501.5778	0.6250214	0.2076021
14568	113.9918	-387.9442	501.936	0.4427711	0.2946023
14574	118.4336	-383.9943	502.4279	0.03972988	0.3883847
14580	126.1143	-375.9732	502.0876	0.3601358	0.3590002
14586	124.5424	-376.6799	501.2223	0.8099888	0.1587686
14592	109.7147	-392.3167	502.0314	0.06549329	0.1749318
14598	106.5797	-393.9475	500.5272	1.040524	0.08631152
14604	119.0569	-381.5555	500.6124	1.040524	0.09579294
14610	122.1782	-378.4316	500.6099	1.040524	0.09548665
14616	119.0826	-381.9536	501.0362	0.6141466	0.09548665
14622	119.8195	-382.014	501.8335	0.4447375	0.2378374
14628	121.4601	-380.0801	501.5401	0.6582969	0.2060701
14634	116.0003	-385.8747	501.8749	0.3235066	0.2060701
14640	103.0667	-398.8793	501.946	0.4508521	0.3082982
14646	111.2706	-391.072	502.3426	0.1274472	0.3928059
14652	120.923	-381.1282	502.0512	0.3634134	0.3235104
14658	115.9513	-386.2836	502.2349	0.2617144	0.5130165
14664	117.9899	-384.1754	502.1653	0.1287615	0.245189
14670	127.3115	-374.9563	502.2678	0.08375801	0.2764865
14676	123.074	-378.9599	502.0339	0.34767	0.2965918
14682	120.6202	-381.7074	502.3276	0.1310297	0.3740006
14688	118.6139	-383.3139	501.9278	0.3410397	0.2336374
14694	115.9574	-386.2942	502.2516	0.2207962	0.3972271
14700	116.0939	-385.7367	501.8307	0.5067613	0.2680388
14706	117.4671	-383.9656	501.4328	0.6830507	0.1801436
14712	119.9439	-381.761	501.705	0.4686909	0.1976812
14718	124.4624	-377.3845	501.8469	0.4946377	0.2704274
14724	121.8214	-379.1698	500.9912	0.782769	0.1115801
14730	120.8295	-380.1283	500.9579	0.8160801	0.1115801
14736	119.8322	-381.1392	500.9714	0.8025662	0.1115801
14742	121.1674	-380.3027	501.47	0.5063222	0.1464948
14748	119.5092	-382.0049	501.514	0.5606616	0.1691115
14754	115.4555	-386.1413	501.5968	0.5325341	0.1840241
14760	114.7749	-387.3309	502.1058	0.09743963	0.2077718
14766	112.7625	-389.6515	502.414	0.04983211	0.3820541
14772	111.4834	-389.0405	500.5239	0.9985587	0.0817414
14778	117.3159	-382.955	500.2709	1.26542	0.08311457
14784	118.0145	-382.4928	500.5073	1.004142	0.08067513
14790	123.1853	-378.2357	501.421	0.687825	0.1781813
14796	133.7044	-367.8986	501.603	0.5058468	0.1781813
14802	122.3219	-379.3443	501.6662	0.3996974	0.1668799
14808	114.4901	-387.5983	502.0884	0.00347483	0.1735875
14814	122.4681	-379.8487	502.3168	0.01164167	0.262974
14820	111.3522	-390.9236	502.2758	0.07917347	0.2786137
14826	113.684	-387.5655	501.2495	0.6369317	0.1293912
14832	115.8636	-385.8502	501.7138	0.2963091	0.1537263
14838	116.2831	-385.2462	501.5293	0.5936662	0.1821693
14844	107.9581	-393.5868	501.5448	0.5936662	0.1867113
14850	119.177	-382.9148	502.0918	0.08350236	0.1982248
14856	123.4941	-378.6763	502.1705	0.2440505	0.3234742
14862	116.7489	-385.1038	501.8527	0.1562601	0.153477
14868	119.2228	-382.1417	501.3645	0.5959394	0.1432536
14874	122.2221	-379.048	501.2701	0.6124148	0.1287119
14880	124.3353	-376.5216	500.8569	0.8099266	0.09745169
14886	125.6307	-375.6983	501.329	0.7370547	0.1669201
14892	119.4096	-382.1907	501.6003	0.7370547	0.2679764
14898	116.7259	-385.5206	502.2465	0.1433177	0.3027515
14904	118.1803	-384.1948	502.3751	0.1207366	0.4767994
14910	116.4916	-385.627	502.1186	0.2487108	0.2866445
14916	124.3452	-377.0653	501.4105	0.611914	0.1564962
14922	116.1068	-385.6648	501.7715	0.5687284	0.269682
14928	118.877	-383.0547	501.9317	0.4707272	0.3129106
14934	112.0086	-389.4628	501.4714	0.5889711	0.1655122
14940	112.4765	-389.228	501.7046	0.408136	0.1792619
14946	106.0461	-395.903	501.9491	0.1635437	0.1792619
14952	107.9236	-392.7816	500.7052	0.7774404	0.07796064
14958	117.999	-382.1344	500.1334	1.379246	0.08078676
14964	104.6029	-395.6814	500.2843	1.288399	0.086836
14970	105.367	-394.6368	500.0038	1.288399	0.06247565
14976	104.4303	-395.6021	500.0324	1.288399	0.0645557
14982	106.5495	-393.6709	500.2204	1.288399	0.08042205
14988	107.7919	-393.0449	500.8367	0.9517507	0.1136956
14994	124.2739	-377.2889	501.5628	0.5948221	0.1925452
15000	117.1008	-383.8547	500.9554	0.8223517	0.1121349
15006	109.8321	-391.3432	501.1754	0.6999164	0.1274643
15012	111.1049	-388.7415	499.8464	1.345827	0.05578314
15018	118.2894	-381.1272	499.4166	1.63693	0.0477858
15024	123.5181	-376.7735	500.2915	1.176642	0.07663548
15030	120.3815	-379.8808	500.2623	1.176642	0.07404808
15036	110.7353	-389.3421	500.0774	0.99333	0.04870377
15042	112.341	-388.8891	501.2301	0.8074449	0.1600034
15048	126.7488	-374.962	501.7108	0.4995531	0.210324
15054	132.3769	-369.8202	502.197	0.2526382	0.3615379
15060	129.3064	-372.246	501.5524	0.4107602	0.1437986
15066	116.344	-385.756	502.1	0.2922923	0.3046665
15072	112.8286	-389.1553	501.9838	0.4405863	0.3329246
15078	127.2524	-374.9679	502.2204	0.2040783	0.3329246
15084	129.0694	-373.2332	502.3026	0.07308124	0.2924181
15090	122.7618	-378.9513	501.7131	0.4808952	0.2045298
15096	127.459	-374.3526	501.8116	0.3824353	0.2045298
15102	127.9483	-374.3395	502.2878	0.114702	0.3129166
15108	118.8139	-383.5648	502.3787	0.05238631	0.3397365
15114	116.7891	-383.8888	500.6779	1.001937	0.099045
15120	121.6218	-379.2891	500.9108	1.001937	0.1341054
15126	123.9034	-377.0798	500.9831	0.9792466	0.1436394
15132	125.9831	-375.3015	501.2846	0.8430878	0.1835283
15138	123.0233	-378.5488	501.572	0.4736067	0.1619231
15144	120.9385	-379.0048	499.9432	1.201118	0.05286297
15150	123.5289	-377.7743	501.3032	0.8373653	0.1873367
15156	118.8084	-382.7369	501.5453	0.8373653	0.2974119
15162	118.1821	-383.9968	502.1788	0.2351456	0.3229578
15168	121.1128	-381.1608	502.2736	0.1284571	0.3126044
15174	117.4941	-384.4782	501.9723	0.3086826	0.2390862
15180	120.3493	-380.6682	501.0176	0.6326692	0.09546805
15186	121.4667	-380.2821	501.7488	0.3632116	0.1790635
15192	110.1443	-391.7939	501.9383	0.2422545	0.1999422
15198	117.07	-384.7767	501.8467	0.3394187	0.2018409
15204	119.9245	-380.3657	500.2902	1.281376	0.08671932
15210	119.2785	-381.0117	500.2902	1.281376	0.08671932
15216	121.2792	-379.8225	501.1018	0.5066183	0.09068429
15222	123.2356	-378.3824	501.618	0.4777689	0.1746275
15228	114.623	-387.6787	502.3016	0.1359613	0.3468842
15234	120.0998	-381.7822	501.882	0.2657995	0.1895076
15240	117.114	-384.8013	501.9152	0.4674944	0.2974479
15246	117.3933	-384.6789	502.0723	0.2444399	0.2566113
15252	119.6056	-382.4502	502.0559	0.2438268	0.2479489
15258	120.1614	-380.9959	501.1574	0.6614951	0.1182822
15264	122.9094	-379.0952	502.0046	0.2733622	0.2376736
15270	117.9545	-384.1373	502.0918	0.2409749	0.2653831
15276	110.3525	-392.093	502.4455	0.02336321	0.3906719
15282	113.458	-388.5734	502.0314	0.01274696	0.1615753
15288	112.3373	-389.5761	501.9133	0.3188419	0.2185109
15294	112.8317	-389.2813	502.1129	0.2862467	0.3102028
15300	115.1287	-387.065	502.1938	0.0324618	0.2162226
15306	119.7576	-382.4986	502.2562	0.0380658	0.2453325
15312	116.2152	-385.1517	501.3669	0.6275252	0.1503041
15318	112.6588	-388.4136	501.0724	0.8502326	0.1359216
15324	123.3726	-378.1683	501.5409	0.366033	0.1330421
15330	129.6772	-371.8953	501.5725	0.466648	0.16037
15336	124.2998	-377.7978	502.0976	0.2177953	0.2559428
15342	122.2306	-379.9506	502.1811	0.1811552	0.2833085
15348	123.1192	-379.1343	502.2535	0.03167149	0.2410093
15354	121.1134	-381.0193	502.1327	0.1696939	0.2493112
15360	116.6935	-384.4981	501.1916	0.9385298	0.1842403
15366	124.5338	-376.1978	500.7316	0.9385298	0.09785723
15372	132.6818	-368.0343	500.7161	1.080589	0.1149143
15378	117.9131	-382.6063	500.5194	1.081977	0.08990941
15384	123.8388	-377.0313	500.87	0.868254	0.1066071
15390	113.5078	-388.1334	501.6413	0.5152414	0.1922064
15396	116.383	-385.6213	502.0042	0.2301882	0.2193855
15402	111.2934	-390.8865	502.1799	0.071264	0.2261141
15408	119.5647	-382.8038	502.3685	0.0419731	0.3198219
15414	122.9032	-378.3206	501.2237	0.7693726	0.1500228
15420	116.0264	-384.4342	500.4606	1.134219	0.08919292
15426	117.1861	-384.3779	501.564	0.6746737	0.221055
15432	116.3797	-383.5452	499.925	1.286466	0.05700024
15438	115.4473	-385.4655	500.9128	0.7266521	0.09420699
15444	113.3542	-388.9135	502.2677	0.08895508	0.2796932
15450	117.9795	-383.8182	501.7978	0.493053	0.2436641
15456	114.8071	-386.117	500.9241	0.8789214	0.1158621
15462	111.7952	-390.2168	502.012	0.1295414	0.1876297
15468	107.5926	-393.766	501.3586	0.2909188	0.0953872
15474	119.088	-381.8992	500.9872	0.8683501	0.1241542
15480	120.4623	-380.7042	501.1665	0.8683501	0.1593667
15486	122.3277	-378.8614	501.1891	0.8853742	0.1690466
15492	128.0677	-373.9597	502.0274	0.3077724	0.266747
15498	125.2136	-377.0886	502.3023	0.1548961	0.3718549
